;Species;Month;Day;Year;CaptureTime;ReleaseTime;BandNumber;Age;Sex;Wing;Weight;Culmen;Hallux;Tail;StandardTail;Tarsus;WingPitFat;KeelFat;Crop
1;RT;9;19;1992;13:30:00;;877-76317;1;;385;920;25.7;30.1;219;NA;NA;NA;NA;NA
2;RT;9;22;1992;10:30:00; ;877-76318;1;;376;930;NA;NA;221;NA;NA;NA;NA;NA
3;RT;9;23;1992;12:45:00; ;877-76319;1;;381;990;26.7;31.3;235;NA;NA;NA;NA;NA
4;CH;9;23;1992;10:50:00; ;745-49508;1;2;265;470;18.7;23.5;220;NA;NA;NA;NA;NA
5;SS;9;27;1992;11:15:00; ;1253-98801;1;2;205;170;12.5;14.3;157;NA;NA;NA;NA;NA
6;RT;9;28;1992;11:25:00; ;1207-55910 ;1;;412;1090;28.5;32.2;230;NA;NA;NA;NA;NA
7;RT;9;28;1992;13:30:00; ;877-76320;1;;370;960;25.3;30.1;212;NA;NA;NA;NA;NA
8;RT;9;29;1992;11:45:00; ;877-76321;2;;375;855;27.2;30;243;NA;NA;NA;NA;NA
9;RT;9;29;1992;15:35:00; ;877-76322;2;;412;1210;29.3;31.3;210;NA;NA;NA;NA;NA
10;RT;9;30;1992;13:45:00; ;1207-55911;1;;405;1120;26;30.2;238;NA;NA;NA;NA;NA
11;RT;10;5;1992;13:30:00; ;877-76323;1;;393;1010;26.3;30.8;222;NA;NA;NA;NA;NA
12;RT;10;8;1992;13:45:00; ;877-76324;1;;371;1010;25.4;29.7;217;NA;NA;NA;NA;NA
13;RT;10;9;1992;12:30:00; ;877-76325;2;;390;1120;28.9;30.9;213;NA;NA;NA;NA;NA
14;RT;10;10;1992;11:05:00; ;1207-55917;2;;393;NA;28.2;30.6;238;NA;NA;NA;NA;NA
15;RT;10;11;1992;11:00:00; ;1207-55912;1;;416;1170;26.5;34;243;NA;NA;NA;NA;NA
16;RT;10;11;1992;11:45:00; ;1207-55913;2;;436;1390;30.5;34;232;NA;NA;NA;NA;NA
17;RT;10;11;1992;12:40:00; ;877-76326;1;;418;1150;27.1;31;238;NA;NA;NA;NA;NA
18;RT;10;11;1992;14:20:00; ;877-76327;2;;381;950;28.9;28.9;202;NA;NA;NA;NA;NA
19;RT;10;12;1992;13:40:00; ;877-76328;1;;378;910;25.7;28.2;227;NA;NA;NA;NA;NA
20;RT;10;13;1992;11:00:00; ;877-76329;1;;396;1010;24;26.9;227;NA;NA;NA;NA;NA
21;RT;10;13;1992;14:50:00; ;877-76330;1;;399;1070;26.4;31.2;222;NA;NA;NA;NA;NA
22;RT;10;14;1992;13:15:00; ;877-76331;1;;416;1190;28.8;31.6;237;NA;NA;NA;NA;NA
23;RT;10;17;1992;12:10:00; ;877-76332;1;;415;101;24.9;30.7;238;NA;NA;NA;NA;NA
24;RT;10;22;1992;13:05:00; ;877-76333;2;;392;1330;27;30.3;213;NA;NA;NA;NA;NA
25;RT;10;23;1992;11:45:00; ;877-76334;1;;380;990;26;30;211;NA;NA;NA;NA;NA
26;SS;10;23;1992;16:05:00; ;1173-19901;1;1;173;100;NA;NA;130;NA;NA;NA;NA;NA
27;RT;10;24;1992;14:35:00; ;877-76335;1;;399;1100;26.2;32.5;190;NA;NA;NA;NA;NA
28;RT;10;25;1992;12:05:00; ;1207-55914;2;;401;1190;28.6;31.6;245;NA;NA;NA;NA;NA
29;SS;10;27;1992;10:05:00; ;1253-98802;1;2;205;180;11.7;15;164;NA;NA;NA;NA;NA
30;RT;10;27;1992;10:45:00; ;608-48703;1;;427;1490;30.1;32.4;246;NA;NA;NA;NA;NA
31;RT;10;27;1992;15:15:00; ;1207-55915;2;;395;1040;27.1;31.4;207;NA;NA;NA;NA;NA
32;RT;10;30;1992;11:05:00; ;877-76336;1;;362;820;24.9;27.9;209;NA;NA;NA;NA;NA
33;RT;11;3;1992;10:15:00; ;1207-55916;2;;396;1030;26;29.7;200;NA;NA;NA;NA;NA
34;RT;11;8;1992;11:45:00; ;1207-55918;2;;391;1300;25.5;32.4;215;NA;NA;NA;NA;NA
35;RT;11;8;1992;13:30:00; ;1207-55919;2;;413;1500;26.5;31.3;219;NA;NA;NA;NA;NA
36;RT;11;13;1992;10:45:00; ;987-53707;2;;371;1080;25.3;27.2;198;NA;NA;NA;NA;NA
37;RT;11;16;1992;11:15:00; ;1207-55920;2;;385;1320;27.3;30.1;207;NA;NA;NA;NA;NA
38;RT;11;21;1992;14:00:00; ;877-76337;2;;378;1490;25.4;31.3;204;NA;NA;NA;NA;NA
39;RT;11;22;1992;10:08:00; ;1207-55921;2;;416;1500;29.1;30.8;205;NA;NA;NA;NA;NA
40;SS;9;13;1993;14:25:00; ;173-19904;1;1;193;100;9.3;101;144;NA;NA;NA;NA;NA
41;SS;9;17;1993;15:25:00; ;193-19905;1;1;171;88;9.7;11.5;136;NA;NA;NA;NA;NA
42;CH;9;20;1993;13:45:00; ;120407-804;1;;233;324;16;19.3;191;NA;NA;NA;NA;NA
43;RT;9;21;1993;15:11:00; ;877-76339;1;;384;1060;26.1;31.2;230;NA;NA;NA;NA;NA
44;RT;9;22;1993;13:50:00; ;877-76340;1;;382;1140;25.1;29.4;227;NA;NA;NA;NA;NA
45;RT;9;22;1993;15:55:00; ;877-76341;1;;390;1030;27.6;30.3;208;NA;NA;NA;NA;NA
46;RT;9;27;1993;12:15:00; ;877-76342;1;;390;1000;25.1;28.3;231;NA;NA;NA;NA;NA
47;RT;9;27;1993;13:00:00; ;877-76344;1;;393;1050;28.7;29.8;222;NA;NA;NA;NA;NA
48;RT;9;27;1993;13:20:00; ;877-76345;1;;378;1040;26.2;31.2;225;NA;NA;NA;NA;NA
49;RT;9;27;1993;15:03:00; ;877-76346;1;;398;1110;26.5;30.9;225;NA;NA;NA;NA;NA
50;RT;9;28;1993;11:50:00; ;877-76347;1;;412;1300;27.9;31.55;233;NA;NA;NA;NA;NA
51;RT;9;28;1993;12:45:00; ;877-76348;1;;400;980;25.7;29.3;214;NA;NA;NA;NA;NA
52;RT;9;29;1993;09:53:00; ;877-76349;1;;422;1120;26.4;28.3;233;NA;NA;NA;NA;NA
53;SS;9;29;1993;10:25:00; ;1253-98803;1;2;202;134;12.4;13.7;158;NA;NA;NA;NA;NA
54;RT;9;29;1993;15:30:00; ;877-76350;1;;394;1270;27.8;31.6;245;NA;NA;NA;NA;NA
55;RT;9;30;1993;13:25:00; ;787-53708;1;;369;880;25;26.5;210;NA;NA;NA;NA;NA
56;CH;10;1;1993;10:20:00; ;745-49512;1;2;252;340;16;20.8;230;NA;NA;NA;NA;NA
57;CH;10;1;1993;10:45:00; ;745-49513;2;1;240;340;16.1;19.3;192;NA;NA;NA;NA;NA
58;RT;10;3;1993;13:35:00; ;1207-55922;1;;410;1255;29.7;31.4;229;NA;NA;NA;NA;NA
59;RT;10;4;1993;11:25:00; ;1207-55923;1;;241;1320;28.6;36.4;235;NA;NA;NA;NA;NA
60;RT;10;7;1993;14:40:00; ;1207-55924;1;;408;1320;30;33.4;221;NA;NA;NA;NA;NA
61;RT;10;9;1993;09:38:00; ;877-76351;1;;37.2;1180;20.2;26.65;210;NA;NA;NA;NA;NA
62;RT;10;9;1993;10:20:00; ;877-76552;1;;380;760;24.5;26.1;212;NA;NA;NA;NA;NA
63;RT;10;10;1993;11:25:00; ;1207-55927;1;;396;1250;26.6;32.5;225;NA;NA;NA;NA;NA
64;RT;10;10;1993;13:27:00; ;877-76353;1;;326;NA;25.2;27.7;215;NA;NA;NA;NA;NA
65;SS;10;11;1993;11:35:00; ;1173-19906;1;1;158;100;10.8;10.5;122;NA;NA;NA;NA;NA
66;RT;10;11;1993;14:00:00; ;877-76354;1;;416;1300;27.3;32.7;235;NA;NA;NA;NA;NA
67;CH;10;12;1993;13:15:00; ;745-49515;1;2;271;475;18.2;24.75;232;NA;NA;NA;NA;NA
68;SS;10;13;1993;09:23:00; ;1173-19907;2;1;176;100;9.8;11.1;133;NA;NA;NA;NA;NA
69;SS;10;14;1993;14:05:00; ;1373-35272;2;2;194;NA;11.4;14.2;154;NA;NA;NA;NA;NA
70;RT;10;21;1993;09:20:00; ;877-76355;2;;390;1080;30.2;29.1;209;NA;NA;NA;NA;NA
71;RT;10;21;1993;15:30:00; ;877-76357;2;;391;1130;26.4;29.4;212;NA;NA;NA;NA;NA
72;RT;10;22;1993;16:35:00; ;877-76358;2;;387;1160;26.8;31;209;NA;NA;NA;NA;NA
73;RT;10;23;1993;13:05:00; ;1207-55941;1;;420;1345;29.5;34.3;250;NA;NA;NA;NA;NA
74;RT;10;25;1993;14:12:00; ;877-76359;2;;435;1385;32.6;30.6;235;NA;NA;NA;NA;NA
75;RT;10;26;1993;15:55:00; ;877-76360;2;;400;1210;25.5;28.6;222;NA;NA;NA;NA;NA
76;RT;10;31;1993;11:35:00; ;1207-55947;1;;398;1455;28;31.5;236;NA;NA;NA;NA;NA
77;RT;11;5;1993;11:00:00; ;877-76361;1;;395;1180;25;28.9;210;NA;NA;NA;NA;NA
78;RT;11;18;1993;10:37:00; ;877-76362;1;;410;1500;27.1;33.2;239;NA;NA;NA;NA;NA
79;RT;9;6;1994;09:55:00; ;1387-99101;1;;369;1025;27.1;31.5;228;NA;NA;NA;NA;NA
80;RT;9;6;1994;10:40:00; ;1387-99102;1;;372;930;26.1;31.1;220;NA;NA;NA;NA;NA
81;RT;9;7;1994;12:27:00; ;1387-99104;1;;415;1360;28.6;33.5;233;NA;NA;NA;NA;NA
82;RT;9;7;1994;13:35:00; ;1387-99103;1;;412;1255;27.7;32.6;236;NA;NA;NA;NA;NA
83;SS;9;8;1994;12:10:00; ;1423-16201;1;2;205;194;12.6;14.4;155;NA;NA;NA;NA;NA
84;SS;9;9;1994;09:02:00; ;2003-58433;1;2;204;159;12.5;14.8;152;NA;NA;NA;NA;NA
85;SS;9;9;1994;10:47:00; ;872-09611;1;1;170;90;9.5;11.3;135;NA;NA;NA;NA;NA
86;CH;9;12;1994;11:24:00; ;1204-45804;2;1;233;340;17.8;19.4;186;NA;NA;NA;NA;NA
87;RT;9;12;1994;13:50:00; ;1387-97105;1;;375;1065;25.9;30;216;NA;NA;NA;NA;NA
88;RT;9;13;1994;11:58:00; ;1387-79106;1;;385;1125;19.6;31.4;233;NA;NA;NA;NA;NA
89;RT;9;15;1994;12:45:00; ;1207-64601;1;;422;1340;28.7;32;248;NA;NA;NA;NA;NA
90;RT;9;15;1994;13:20:00; ;1387-79107;1;;391;1050;26.6;32.2;221;NA;NA;NA;NA;NA
91;RT;9;15;1994;13:35:00; ;1387-79108;1;;410;1210;27.5;308;227;NA;NA;NA;NA;NA
92;RT;9;16;1994;10:23:00; ;1387-79109;1;;385;980;26.8;27.8;223;NA;NA;NA;NA;NA
93;RT;9;16;1994;11:20:00; ;1387-79111;1;;381;1000;25.5;29.8;219;NA;NA;NA;NA;NA
94;RT;8;18;1994;12:05:00; ;1207-64602;2;;416;1390;28.1;31.3;225;NA;NA;NA;NA;NA
95;RT;9;18;1994;13:20:00; ;1207-64603;1;;406;1275;29;33.7;238;NA;NA;NA;NA;NA
96;RT;9;19;1994;12:58:00; ;1207-64604;1;;418;1180;30.1;341.4;235;NA;NA;NA;NA;NA
97;RT;9;19;1994;14:05:00; ;1207-64605;1;;412;1210;29.3;33.8;222;NA;NA;NA;NA;NA
98;SS;9;20;1994;09:05:00; ;2003-58435;2;2;208;168;12.7;14.8;155;NA;NA;NA;NA;NA
99;SS;9;20;1994;09:33:00; ;2003-58436;1;2;208;146;11.8;14.9;160;NA;NA;NA;NA;NA
100;SS;9;20;1994;11:04:00; ;1423-16203;1;1;175;108;10;11.5;137;NA;NA;NA;NA;NA
101;SS;9;20;1994;12:10:00; ;1423-16204;1;1;166;94;9.5;11.3;127;NA;NA;NA;NA;NA
102;RT;9;29;1994;13:55:00; ;1387-79112;1;;405;1085;27.7;29.9;238;NA;NA;NA;NA;NA
103;SS;9;20;1994;14:00:00; ;2003-58437;2;2;198;188;12.2;143;150;NA;NA;NA;NA;NA
104;SS;9;29;1994;14:45:00; ;2003-58438;1;2;200;154;12.4;14.4;150;NA;NA;NA;NA;NA
105;RT;9;21;1994;13:50:00; ;1387-79113;1;;380;810;25.9;28.7;229;NA;NA;NA;NA;NA
106;RT;9;23;1994;11:48:00; ;1387-79114;1;;381;905;27.9;29.1;227;NA;NA;NA;NA;NA
107;SS;9;26;1994;10:28:00; ;872-09612;1;1;169;94;9;10.2;129;NA;NA;NA;NA;NA
108;CH;9;26;1994;10:54:00; ;2206-35417;1;2;260;420;19.6;23.9;220;NA;NA;NA;NA;NA
109;RT;9;26;1994;12:10:00; ;1207-64606;1;;428;1240;29.1;34.7;245;NA;NA;NA;NA;NA
110;RT;9;26;1994;14:02:00; ;1207-64607;1;;400;990;26.9;31.4;223;NA;NA;NA;NA;NA
111;CH;9;27;1994;08:00:00; ;1705-24603;1;2;265;365;16.8;22.5;224;NA;NA;NA;NA;NA
112;SS;9;27;1994;11:55:00; ;1423-16205;1;1;177;91;10.2;11.3;133;NA;NA;NA;NA;NA
113;RT;9;27;1994;15:40:00; ;1307-79115;1;;381;1010;25.8;31.7;210;NA;NA;NA;NA;NA
114;RT;9;28;1994;09:25:00; ;1387-79116;1;;403;980;26.3;29.7;234;NA;NA;NA;NA;NA
115;RT;9;28;1994;11:10:00; ;1387-79117;1;;382;860;26.5;29;219;NA;NA;NA;NA;NA
116;RT;9;28;1994;11:38:00; ;1387-79118;1;;382;970;25.8;29;216;NA;NA;NA;NA;NA
117;RT;9;28;1994;13:02:00; ;1387-79119;1;;399;980;27.5;29.9;230;NA;NA;NA;NA;NA
118;RT;9;29;1994;13:55:00; ;1387-79120;1;;380;985;23.9;29;223;NA;NA;NA;NA;NA
119;RT;9;29;1994;13:16:00; ;1387-79121;1;;375;990;25.6;30.6;220;NA;NA;NA;NA;NA
120;RT;9;30;1994;10:39:00; ;1207-64608;1;;420;1210;27.8;32.6;241;NA;NA;NA;NA;NA
121;SS;10;3;1994;11:13:00; ;872-09613;1;1;170;89;8.6;11;136;NA;NA;NA;NA;NA
122;SS;10;3;1994;13:07:00; ;872-09614;2;1;177;97;10;11.3;137;NA;NA;NA;NA;NA
123;RT;10;4;1994;13:37:00; ;1387-79122;1;;375;990;28;29.5;223;NA;NA;NA;NA;NA
124;RT;10;4;1994;14:45:00; ;1207-64609;1;;395;1170;28.1;31.7;238;NA;NA;NA;NA;NA
125;SS;10;5;1994;11:55:00; ;872-09615;2;1;170;93;10.1;11.2;126;NA;NA;NA;NA;NA
126;RT;10;5;1994;13:55:00; ;1207-64610;1;;406;1350;30.5;32;235;NA;NA;NA;NA;NA
127;RT;10;5;1994;15:17:00; ;1207-64611;1;;414;1370;29.3;33;240;NA;NA;NA;NA;NA
128;SS;10;5;1994;16:00:00; ;872-09616;1;1;173;103;9.7;19.4;137;NA;NA;NA;NA;NA
129;SS;10;6;1994;10:45:00; ;2003-58439;1;2;209;151;12.2;13.9;160;NA;NA;NA;NA;NA
130;SS;10;6;1994;11:23:00; ;872-09617;1;1;177;101;10.3;12.1;140;NA;NA;NA;NA;NA
131;RT;10;7;1994;10:50:00; ;1387-79123;1;;388;985;26.9;29.8;220;NA;NA;NA;NA;NA
132;RT;10;7;1994;11:24:00; ;1387-79124;1;;277;940;26.5;30.4;218;NA;NA;NA;NA;NA
133;RT;10;7;1994;12:15:00; ;1207-64612;1;;423;1310;27.4;34.1;234;NA;NA;NA;NA;NA
134;RT;10;7;1994;15:40:00; ;1387-79125;1;;365;1035;26.1;30.8;232;NA;NA;NA;NA;NA
135;RT;10;7;1994;16:35:00; ;1387-79126;1;;383;965;26.1;31.8;221;NA;NA;NA;NA;NA
136;RT;10;10;1994;11:02:00; ;1387-79127;1;;391;1125;25.4;30.9;220;NA;NA;NA;NA;NA
137;RT;10;10;1994;12:01:00; ;1387-79128;1;;389;975;26.4;30.3;232;NA;NA;NA;NA;NA
138;RT;10;10;1994;12:23:00; ;1387-79129;1;;392;1140;26.2;29.8;214;NA;NA;NA;NA;NA
139;RT;10;10;1994;13:10:00; ;1387-79130;1;;375;950;25.3;29.9;225;NA;NA;NA;NA;NA
140;RT;10;10;1994;13:50:00; ;1207-64613;1;;410;1210;28.1;28.9;238;NA;NA;NA;NA;NA
141;SS;10;10;1994;15:07:00; ;872-09618;1;1;179;95;10.8;11.6;133;NA;NA;NA;NA;NA
142;SS;10;11;1994;08:52:00; ;872-09619;1;1;172;89;9.4;10.8;136;NA;NA;NA;NA;NA
143;SS;10;11;1994;12:36:00; ;2003-58440;2;2;202;195;12.4;14.1;151;NA;NA;NA;NA;NA
144;SS;10;12;1994;11:15:00; ;1423-16206;1;1;174;93;9.5;11;131;NA;NA;NA;NA;NA
145;RT;10;13;1994;13:05:00; ;1207-64614;1;;422;1205;28.8;31.3;238;NA;NA;NA;NA;NA
146;RT;10;13;1994;14:00:00; ;1387-79131;1;;385;1045;27.6;27.5;229;NA;NA;NA;NA;NA
147;RT;10;16;1994;12:05:00; ;1387-79132;1;;363;1090;26.6;28.8;202;NA;NA;NA;NA;NA
148;RT;10;16;1994;11:30:00; ;1207-64615;1;;450;1190;30.3;32.8;226;NA;NA;NA;NA;NA
149;RT;10;18;1994;10:00:00; ;1287-79133;1;;380;960;25.6;30.1;220;NA;NA;NA;NA;NA
150;RT;10;18;1994;12:35:00; ;1387-79134;1;;385;955;26.3;30.1;215;NA;NA;NA;NA;NA
151;RT;10;18;1994;13:30:00; ;1387-79135;1;;385;1110;24.7;30.2;122;NA;NA;NA;NA;NA
152;SS;10;19;1994;09:08:00; ;872-09620;1;1;171;100;19.1;11.5;134;NA;NA;NA;NA;NA
153;RT;10;19;1994;10:46:00; ;1387-79136;1;;380;900;24;26.5;215;NA;NA;NA;NA;NA
154;RT;10;19;1994;11:27:00; ;1387-79137;1;;384;1075;26.5;30.7;208;NA;NA;NA;NA;NA
155;RT;10;19;1994;12:15:00; ;1387-79138;1;;373;980;27.9;32.1;211;NA;NA;NA;NA;NA
156;RT;10;19;1994;12:55:00; ;1387-79139;1;;381;940;27.8;34.2;220;NA;NA;NA;NA;NA
157;RT;10;19;1994;13:35:00; ;1387-79140;1;;363;1070;25.6;30.4;204;NA;NA;NA;NA;NA
158;RT;10;19;1994;13:50:00; ;1387-79141;1;;409;1120;29.4;31.6;229;NA;NA;NA;NA;NA
159;RT;10;20;1994;12:00:00; ;1387-79142;2;;390;1060;27.6;29;205;NA;NA;NA;NA;NA
160;SS;10;21;1994;10:12:00; ;2003-58441;1;2;204;168;12.1;14.3;155;NA;NA;NA;NA;NA
161;SS;10;22;1994;14:45:00; ;1423-16207;1;2;197;211;11.5;13.9;150;NA;NA;NA;NA;NA
162;RT;10;23;1994;11:06:00; ;1387-79143;1;;420;1125;27.2;27.4;244;NA;NA;NA;NA;NA
163;RT;10;23;1994;11:36:00; ;1387-79144;1;;381;1100;27;28.2;225;NA;NA;NA;NA;NA
164;RT;10;23;1994;13:09:00; ;1207-64616;1;;408;1360;30;33.9;239;NA;NA;NA;NA;NA
165;RT;10;23;1994;14:25:00; ;1387079145;1;;388;995;26.7;30.7;222;NA;NA;NA;NA;NA
166;RT;10;23;1994;15:00:00; ;1387-79146;2;;398;1095;21.1;31.4;209;NA;NA;NA;NA;NA
167;SS;10;24;1994;09:05:00; ;1423-16208;1;2;209;196;12.1;14.6;164;NA;NA;NA;NA;NA
168;SS;10;25;1994;10:25:00; ;2003-58442;1;2;209;176;11.7;15.1;159;NA;NA;NA;NA;NA
169;RT;10;25;1994;14:00:00; ;1387-079147;2;;394;1075;25.5;29.7;211;NA;NA;NA;NA;NA
170;SS;10;25;1994;14:19:00; ;1423-11209;2;2;204;180;12.3;15.2;160;NA;NA;NA;NA;NA
171;SS;10;26;1994;02:52:48; ;1423-16210;1;2;204;164;12.3;14.3;157;NA;NA;NA;NA;NA
172;SS;10;26;1994;10:29:00; ;2003-58443;1;2;209;158;12.2;14.4;160;NA;NA;NA;NA;NA
173;RT;10;26;1994;11:39:00; ;1387-79148;1;;394;1140;26.8;29.2;216;NA;NA;NA;NA;NA
174;RT;10;26;1994;14:55:00; ;1207-64617;1;;416;1240;27.9;31.8;250;NA;NA;NA;NA;NA
175;RT;10;26;1994;15:40:00; ;1207-64618;1;;445;1465;29.7;34.6;260;NA;NA;NA;NA;NA
176;SS;10;27;1994;09:15:00; ;2003-58444;1;2;209;169;12.1;14.5;164;NA;NA;NA;NA;NA
177;RT;10;27;1994;10:55:00; ;1387-79149;1;;388;1105;26.7;28.9;217;NA;NA;NA;NA;NA
178;RT;10;27;1994;11:50:00; ;1387-79150;1;;397;1010;27.1;31.4;228;NA;NA;NA;NA;NA
179;RT;10;27;1994;12:24:00; ;1387-79151;1;;384;1075;26.3;30.5;218;NA;NA;NA;NA;NA
180;RT;10;27;1994;13:37:00; ;1387-79152;1;;379;1060;27.9;30.9;220;NA;NA;NA;NA;NA
181;RT;10;28;1994;10:05:00; ;1387-79199;1;;393;1015;27.6;31.1;227;NA;NA;NA;NA;NA
182;RT;10;28;1994;10:45:00; ;1387-79153;1;;386;1100;26;30.2;211;NA;NA;NA;NA;NA
183;RT;10;29;1994;11:05:00; ;1387-79154;1;;397;1010;25;30.6;222;NA;NA;NA;NA;NA
184;RT;10;29;1994;11:50:00; ;1387-79155;1;;382;1000;26.3;30.1;225;NA;NA;NA;NA;NA
185;RT;11;1;1994;10:45:00; ;1387-79156;1;;386;980;25.4;30.2;221;NA;NA;NA;NA;NA
186;RT;11;1;1994;11:21:00; ;1387-79157;1;;417;1240;28.7;32.4;231;NA;NA;NA;NA;NA
187;RT;11;2;1994;11:41:00; ;1387-79158;1;;403;1360;27.9;33.1;235;NA;NA;NA;NA;NA
188;CH;11;2;1994;12:26:00; ;1204-45805;2;1;239;183;17.3;19.2;182;NA;NA;NA;NA;NA
189;RT;11;2;1994;12:20:00; ;1207-64619;1;;401;1405;29.1;82.8;235;NA;NA;NA;NA;NA
190;RT;11;2;1994;14:52:00; ;1387-79159;2;;377;1055;27;29.1;200;NA;NA;NA;NA;NA
191;RT;11;6;1994;09:55:00; ;1207-64620;2;;432;1670;27.1;32.9;216;NA;NA;NA;NA;NA
192;RT;11;6;1994;10:30:00; ;1207-64621;1;;390;1250;26.2;30.5;223;NA;NA;NA;NA;NA
193;RT;11;6;1994;11:40:00; ;1387-79160;1;;381;1030;25.3;29.9;210;NA;NA;NA;NA;NA
194;RT;11;7;1994;11:22:00; ;1387-79161;1;;403;1040;NA;29.9;229;NA;NA;NA;NA;NA
195;SS;11;7;1994;12:47:00; ;1423-16211;1;2;213;190;12.2;15.5;160;NA;NA;NA;NA;NA
196;SS;11;9;1994;09:46:00; ;872-09621;1;1;172;105;10;10.8;125;NA;NA;NA;NA;NA
197;RT;11;9;1994;15:02:00; ;1807-53101;1;;390;1090;26.2;28.8;226;NA;NA;NA;NA;NA
198;SS;11;11;1994;10:00:00; ;1423-16212;1;2;204;190;11.8;13.9;154;NA;NA;NA;NA;NA
199;RT;11;11;1994;11:59:00; ;1387-79162;2;;386;1050;28.4;29.4;207;NA;NA;NA;NA;NA
200;RT;11;11;1994;14:42:00; ;1387-79163;1;;402;1110;26.1;30;238;NA;NA;NA;NA;NA
201;SS;11;11;1994;15:01:00; ;1423-16213;1;2;201;206;12.1;13.5;151;NA;NA;NA;NA;NA
202;SS;11;11;1994;15:23:00; ;1423-16214;1;2;202;195;12.1;14.8;158;NA;NA;NA;NA;NA
203;RT;11;15;1994;11:40:00; ;1387-79164;2;;374;1010;24.9;30.1;197;NA;NA;NA;NA;NA
204;RT;11;16;1994;11:15:00; ;1807-53103;1;;358;880;24.2;28.7;250;NA;NA;NA;NA;NA
205;RT;11;16;1994;12:19:00; ;1387-79165;1;;370;1060;24.3;29.8;215;NA;NA;NA;NA;NA
206;RT;11;21;1994;10:40:00; ;1387-79166;1;;390;920;25.7;30;214;NA;NA;NA;NA;NA
207;RT;11;21;1994;13:33:00; ;1387-79167;1;;398;1195;26.2;29.8;230;NA;NA;NA;NA;NA
208;RT;9;8;1995;13:30:00; ;1387-170;1;;360;890;26;28.4;213;NA;NA;NA;NA;NA
209;RT;9;8;1995;14:20:00; ;1387-79171;1;;355;900;25.3;29;214;NA;NA;NA;NA;NA
210;RT;9;13;1995;14:30:00; ;1207-64623;2;;375;1110;22.2;31.5;224;NA;NA;NA;NA;NA
211;SS;9;13;1995;14:45:00; ;2003-59463;1;2;200;160;10.2;13.2;153;NA;NA;NA;NA;NA
212;SS;9;14;1995;10:05:00; ;972-09622;1;1;179;105;10.1;11.3;131;NA;NA;NA;NA;NA
213;SS;9;15;1995;09:40:00; ;2003-58464;1;1;175;99;9.6;12.7;145;NA;NA;NA;NA;NA
214;SS;9;15;1995;09:50:00; ;2003-58465;1;2;203;165;12;14.4;165;NA;NA;NA;NA;NA
215;SS;9;15;1995;11:05:00; ;2003-58466;1;2;205;100;12;12.5;168;NA;NA;NA;NA;NA
216;SS;9;17;1995;11:20:00; ;1343-78401;1;2;213;125;11.5;14.4;156;NA;NA;NA;NA;NA
217;RT;9;17;1995;12:15:00; ;1387-79173;1;;409;1100;29;32.6;215;NA;NA;NA;NA;NA
218;SS;9;17;1995;14:58:00; ;1343-78402;1;2;202;NA;NA;NA;164;NA;NA;NA;NA;NA
219;SS;9;18;1995;14:20:00; ;1343-78403;1;2;195;155;11.9;14.6;155;NA;NA;NA;NA;NA
220;RT;9;18;1995;15:10:00; ;1207-64624;1;;415;1285;29.5;31.8;239;NA;NA;NA;NA;NA
221;CH;9;19;1995;10:05:00; ;1204-45806;2;1;236;390;15.1;20.4;185;NA;NA;NA;NA;NA
222;RT;9;20;1995;10:50:00; ;1387-79174;1;;363;920;26.8;30.2;214;NA;NA;NA;NA;NA
223;RT;9;23;1995;10:10:00; ;1387-79175;1;;381;1025;25.4;30.8;232;NA;NA;NA;NA;NA
224;RT;9;26;1995;11:05:00; ;1387-79176;2;;350;940;26;29.1;205;NA;NA;NA;NA;NA
225;RT;9;26;1995;13:03:00; ;1387-79177;1;;398;1240;28.5;30.8;243;NA;NA;NA;NA;NA
226;RT;9;26;1995;12:55:00; ;1207-64625;1;;412;1160;27.8;33;255;NA;NA;NA;NA;NA
227;SS;9;26;1995;13:55:00; ;2003-58467;1;2;203;150;11.5;13.9;159;NA;NA;NA;NA;NA
228;SS;9;27;1995;09:40:00; ;2003-58468;1;2;201;130;11.7;14.4;156;NA;NA;NA;NA;NA
229;RT;9;27;1995;12:50:00; ;1387-79178;1;;411;1240;26.8;32.7;276;NA;NA;NA;NA;NA
230;RT;9;27;1995;13:55:00; ;1807-53104;1;;373;930;24.4;27.4;210;NA;NA;NA;NA;NA
231;SS;10;1;1995;10:15:00; ;1423-16221;1;1;178;90;10.9;12.1;145;NA;NA;NA;NA;NA
232;RT;10;1;1995;12:04:00; ;1207-64626;1;;415;1240;25.6;31.2;231;NA;NA;NA;NA;NA
233;RT;10;1;1995;12:50:00; ;1387-79179;1;;383;1030;25.2;29.8;216;NA;NA;NA;NA;NA
234;CH;10;2;1995;13:55:00; ;1705-24606;1;1;223;550;18.8;21.3;210;NA;NA;NA;NA;NA
235;RT;10;3;1995;11:20:00; ;1387-79180;1;;390;1250;26.5;32;210;NA;NA;NA;NA;NA
236;RT;10;3;1995;11:45:00; ;1387-79181;1;;390;999;25.3;29.8;220;NA;NA;NA;NA;NA
237;RT;10;4;1995;12:20:00; ;1387-79182;2;;365;1120;26.5;30.8;260;NA;NA;NA;NA;NA
238;RT;10;4;1995;12:54:00; ;1387-79183;2;;345;1000;26.4;30.1;200;NA;NA;NA;NA;NA
239;CH;10;5;1995;11:08:00; ;1705-24607;1;2;273;530;19.2;24.7;213;NA;NA;NA;NA;NA
240;RT;10;6;1995;12:15:00; ;1207-64627;1;;400;1040;27.7;32.1;230;NA;NA;NA;NA;NA
241;RT;10;6;1995;12:36:00; ;1207-64628;1;;380;1150;27.8;31.1;220;NA;NA;NA;NA;NA
242;RT;10;6;1995;13:05:00; ;1207-79184;1;;330;1000;25.9;30.2;220;NA;NA;NA;NA;NA
243;RT;10;6;1995;13:10:00; ;1207-64629;1;;410;1360;33.3;28.6;235;NA;NA;NA;NA;NA
244;RT;10;7;1995;12:00:00; ;1387-79185;1;;313;930;25.7;28.9;215;NA;NA;NA;NA;NA
245;RT;10;9;1995;11:35:00; ;1387-79186;1;;384;980;25.8;30.4;215;NA;NA;NA;NA;NA
246;RT;10;9;1995;11:50:00; ;1207-64660;1;;409;1260;27.7;31.8;221;NA;NA;NA;NA;NA
247;RT;10;9;1995;12:50:00; ;1387-79187;1;;390;900;27.5;28.6;225;NA;NA;NA;NA;NA
248;RT;10;10;1995;11:50:00; ;1207-64630;1;;411;1300;25.9;31.9;238;NA;NA;NA;NA;NA
249;CH;10;10;1995;14:25:00; ;1705-24608;1;2;259;470;16.6;23.4;221;NA;NA;NA;NA;NA
250;RT;10;11;1995;14:25:00; ;1387-79188;2;;380;1040;26.4;30.9;212;NA;NA;NA;NA;NA
251;RT;10;11;1995;14:25:00; ;1387-79189;1;;370;950;27.3;30.5;215;NA;NA;NA;NA;NA
252;RT;10;11;1995;13:15:00; ;1387-79190;1;;415;1320;29.4;33.9;235;NA;NA;NA;NA;NA
253;SS;10;12;1995;10:37:00; ;1204-45807;1;2;215;180;14.1;12.7;132;NA;NA;NA;NA;NA
254;RT;10;12;1995;13:20:00; ;1387-79191;1;;410;1280;27.9;32.7;229;NA;NA;NA;NA;NA
255;RT;10;12;1995;14:20:00; ;1387-79192;1;;412;1310;26.1;31.1;251;NA;NA;NA;NA;NA
256;RT;10;12;1995;14:30:00; ;1207-64631;2;;384;910;26.4;28.4;215;NA;NA;NA;NA;NA
257;RT;10;13;1995;12:05:00; ;1207-64632;1;;404;1220;28.6;30.4;225;NA;NA;NA;NA;NA
258;RT;10;13;1995;13:00:00; ;1387-79193;1;;375;920;23.8;28.8;210;NA;NA;NA;NA;NA
259;RT;10;13;1995;15:00:00; ;1387-79794;1;;410;1135;26.4;32.4;267;NA;NA;NA;NA;NA
260;RT;10;14;1995;10:05:00; ;1387-79195;1;;384;940;26.2;29.8;220;NA;NA;NA;NA;NA
261;RT;10;14;1995;13:25:00; ;1207-64634;1;;385;920;25;32.2;238;NA;NA;NA;NA;NA
262;RT;10;14;1995;13:40:00; ;1387-79196;1;;398;1280;28;32.4;248;NA;NA;NA;NA;NA
263;CH;10;15;1995;14:20:00; ; ;2;;NA;480;17.7;32.1;198;NA;NA;NA;NA;NA
264;RT;10;15;1995;14:30:00; ;1387-79197;1;;425;1220;27.3;33;241;NA;NA;NA;NA;NA
265;RT;10;15;1995;15:00:00; ;1397-79198;1;;401;1000;26.7;28;212;NA;NA;NA;NA;NA
266;RT;10;16;1995;12:35:00; ;1387-79172;1;;387;1120;26.8;50.2;221;NA;NA;NA;NA;NA
267;RT;10;16;1995;13:33:00; ;1807-53105;1;;376;925;26;30.8;233;NA;NA;NA;NA;NA
268;SS;10;17;1995;11:10:00; ;1423-16223;2;1;171;90;9.9;11.9;138;NA;NA;NA;NA;NA
269;RT;10;17;1995;11:45:00; ;1207-64635;2;;420;1280;27.5;31.8;230;NA;NA;NA;NA;NA
270;RT;10;18;1995;12:20:00; ;877-76379;1;;385;985;27.5;30.8;223;NA;NA;NA;NA;NA
271;RT;10;18;1995;13:05:00; ;2107-64631;1;;405;1350;28.3;32.6;226;NA;NA;NA;NA;NA
272;RT;10;18;1995;13:15:00; ;1807-53107;1;;350;730;24.6;25.7;208;NA;NA;NA;NA;NA
273;RT;10;18;1995;12:00:00; ;1387-79200;1;;388;890;27.8;31.2;231;NA;NA;NA;NA;NA
274;RT;10;18;1995;12:02:00; ;877-76380;1;;398;1020;26.5;31.1;217;NA;NA;NA;NA;NA
275;RT;10;20;1995;10:10:00; ;1207-64637;2;;410;1000;27.1;30.6;230;NA;NA;NA;NA;NA
276;SS;10;23;1995;10:30:00; ;2003-58469;1;2;202;150;11.7;14.1;153;NA;NA;NA;NA;NA
277;SS;10;23;1995;12:20:00; ;1343-78405;1;2;204;180;11.5;12.4;186;NA;NA;NA;NA;NA
278;RT;11;2;1995;12:05:00; ;8777-63481;2;;382;1020;26.5;29.4;225;NA;NA;NA;NA;NA
279;RT;11;2;1995;13:00:00; ;1207-64638;1;;111;1340;26.85;31.9;226;NA;NA;NA;NA;NA
280;RT;11;20;1995;14:10:00; ;1207-64639;1;;396;1300;27.3;30.5;214;NA;NA;NA;NA;NA
281;RT;11;21;1995;11:45:00; ;8777-6382;1;;363;1015;25.5;30.1;242;NA;NA;NA;NA;NA
282;RT;10;2;1996;09:47:00; ;1807-53108;1;;360;900;30.5;28.8;220;NA;NA;NA;NA;NA
283;RT;10;10;1996;10:45:00; ;1207-64640;1;;390;1000;26.1;29.6;250;NA;NA;NA;NA;NA
284;SS;10;10;1996;11:07:00; ;1204-45808;1;1;195;150;12.3;14.6;178;NA;NA;NA;NA;NA
285;RT;10;10;1996;12:15:00; ;1207-64641;2;;390;1050;24.8;32.5;220;NA;NA;NA;NA;NA
286;RT;10;10;1996;13:20:00; ;1207-64642;1;;380;950;24.9;29;240;NA;NA;NA;NA;NA
287;CH;10;14;1996;09:40:00; ;1705-24609;1;1;225;350;12.6;26;215;NA;NA;NA;NA;NA
288;CH;10;17;1996;13:05:00; ;1705-24610;2;1;247;375;16.9;18.2;160;NA;NA;NA;NA;NA
289;RT;10;18;1996;10:58:00; ;1207-64643;2;;415;1175;28.3;33.2;230;NA;NA;NA;NA;NA
290;RT;10;23;1996;09:25:00; ;1387-92101;1;;354;980;25.8;29.3;220;NA;NA;NA;NA;NA
291;RT;10;24;1996;10:35:00; ;1387-92102;2;;417;1260;29;32.8;234;NA;NA;NA;NA;NA
292;RT;10;24;1996;11:18:00; ;1387-92103;1;;379;1050;25.9;31.3;226;NA;NA;NA;NA;NA
293;RT;10;25;1996;10:40:00; ;1207-64644;2;;412;1330;29.2;32.2;218;NA;NA;NA;NA;NA
294;RT;10;27;1996;16:16:00; ;1387-92104;2;;377;980;28;29.1;209;NA;NA;NA;NA;NA
295;RT;10;28;1996;12:40:00; ;1387-92105;1;;372;920;25.3;30;228;NA;NA;NA;NA;NA
296;RT;10;30;1996;09:25:00; ; ;1;;420;1540;29.9;35.5;235;NA;NA;NA;NA;NA
297;RT;10;30;1996;11:30:00; ;1387-92106;1;;368;1060;25.5;26.9;223;NA;NA;NA;NA;NA
298;RT;11;1;1996;14:05:00; ;1207-64645;1;;406;1420;29.9;32;245;NA;NA;NA;NA;NA
299;CH;11;7;1996;13:20:00; ;1705-24611;1;1;225;400;15;20;202;NA;NA;NA;NA;NA
300;RT;9;9;1997;12:01:00; ;1387-92125;1;;392;1142;27.2;33;235;244;89.3;0;1;0
301;SS;9;9;1997;13:06:00;13:26:00;2003-58576;1;2;191;157;12;13.8;158;162;57;2;2;0
302;SS;9;10;1997;10:39:00;10:53:00;1423-16276;1;1;161;98;10.3;11.7;133;137;48.4;1;2;0.25
303;RT;9;10;1997;14:35:00;14:50:00;1387-92127;1;;365;813;26.2;30.1;221;224;86.6;0;0;0
304;SS;9;11;1997;10:05:00;10:32:00;1423-16277;1;1;156;94;9.9;11.4;125;129;48.6;1;2;0.25
305;SS;9;12;1997;11:00:00;10:20:00;2003-58577;1;2;191;155;16.5;14.4;158;161;54.3;0;1;0
306;SS;9;14;1997;10:46:00;11:00:00;2003-58578;1;2;198;181;12.5;14.1;159;164;56;2;2;0
307;SS;9;14;1997;12:35:00;12:50:00;872-09631;1;1;160;92;9.8;11;132;135;48.3;2;1;0
308;SS;9;17;1997;12:26:00;13:10:00;872-09633;1;1;164;98;10.1;11.4;136;138;50.5;2;1;0
309;RT;9;17;1997;13:04:00;13:45:00;1387-92128;1;;352;1024;26.6;30.3;216;225;90.2;0;0;0
310;CH;9;17;1997;15:02:00;14:07:00;1705-24626;1;2;265;464;19.2;24.1;225;229;73.3;0;0;0
311;SS;9;18;1997;11:16:00;11:28:00;872-09634;1;1;163;100;10.4;11.2;137;139;44.5;1;1;0.25
312;SS;9;18;1997;14:33:00;14:45:00;1423-16228;1;2;193;186;12.8;14;155;159;57.6;3;2;0.25
313;SS;9;19;1997;13:05:00;13:36:00;1423-16229;1;2;190;164;11.9;14.5;155;160;57.5;2;1;0
314;SS;9;20;1997;10:30:00;10:42:00;972-04635;1;1;165;98;10.1;11.4;138;142;50.2;0;1;0
315;SS;9;21;1997;10:56:00;11:22:00;972-09636;1;1;162;NA;NA;NA;130;NA;NA;2;1;0.25
316;SS;9;21;1997;11:42:00;11:50:00;1426-16230;2;2;198;158;12.1;14.5;154;160;55;0;1;0
317;RT;9;21;1997;11:55:00;12:07:00;1387-92129;1;;370;1023;25.8;30.1;216;228;82.8;1;0;0.25
318;RT;9;23;1997;13:35:00;11:55:00;1202-72601;1;;230;340;16.5;30.5;200;225;85.5;0;0;0.25
319;CH;9;23;1997;11:43:00;12:09:00;1705-24627;1;1;194;163;12.2;20;158;206;67.5;2;1;0
320;SS;9;23;1997;12:00:00;12:24:00;1423-16231;1;2;157;92;9.8;14.7;132;160;55;1;1;0
321;SS;9;23;1997;12:13:00;10:50:00;872-09638;1;1;260;550;19.5;11.2;215;136;49.8;1;0;0
322;CH;9;24;1997;10:19:00; ;1705-24628;2;2;377;1119;25.4;23.9;226;224;24.7;1;1;1
323;RT;9;24;1997;11:20:00; ;1387-92130;1;;364;917;26;29.6;216;225;85.1;0;0;0
324;RT;9;25;1997;10:45:00; ;1387-92131;1;;367;946;26.7;28.9;221;232;88.9;0;1;0
325;RT;9;25;1997;11:00:00; ;1387-92132;1;;233;337;15.7;31.9;196;225;87.4;0;0;0.5
326;CH;9;25;1997;12:05:00; ;1204-45809;1;1;336;742;23.4;18.8;221;205;67.2;0;0;0
327;SS;9;26;1997;10:10:00; ;1423-16233;1;2;259;439;18.8;15.2;218;171;57;0;0;0
328;CH;9;26;1997;10:59:00; ;1705-24629;1;2;199;187;12.2;24.2;157;221;74.4;1;1;0.5
329;SS;9;26;1997;13:35:00;13:52:00;1423-16232;1;2;165;92;9.7;14.6;135;162;56.5;2;1;0
330;SS;9;26;1997;13:36:00;14:40:00;872-09639;1;1;370;1094;27.3;11.5;221;139;47.7;1;0;0
331;RT;9;26;1997;14:26:00; ;1387-92133;1;;362;832;23.8;32.6;210;230;87.1;0;1;0
332;RT;9;30;1997;12:10:00; ;1207-72602;2;;368;1244;NA;NA;220;NA;NA;NA;NA;NA
333;RT;9;30;1997;12:50:00; ;1387-92134;1;;368;1244;26.7;30.2;220;228;85.4;1;1;0
334;RT;10;1;1997;10:50:00;11:00:00;1387-92135;1;;367;974;25.2;29.6;221;240;85.2;0;0;0
335;RT;10;1;1997;11:58:00;12:27:00;1387-92136;1;;400;1289;28.6;32.1;242;261;86.9;0;0;0
336;RT;10;1;1997;12:25:00;12:41:00;1387-92137;1;;379;999;28.3;32;220;238;90.1;0;1;0
337;RT;10;1;1997;12:32:00;12:59:00;1387-92138;1;;360;994;26.5;30.4;210;232;84.8;0;1;0
338;RT;10;1;1997;12:57:00;13:14:00;1387-92139;1;;362;1004;27;31.4;221;240;86.8;0;1;0
339;RT;10;2;1997;11:52:00;12:05:00;1387-92140;1;;378;1097;28.9;33.4;236;244;91.3;0;1;0
340;SS;10;2;1997;13:17:00;13:32:00;1423-16234;1;2;201;185;13.1;14.5;162;167;58.1;1;1;0
341;SS;10;6;1997;12:01:00;12:21:00;1423-16235;1;1;193;181;12.8;11.5;150;152;52.4;0;0;0
342;RT;10;6;1997;14:08:00;14:37:00;1387-92141;1;;372;1092;27.2;31.8;235;239;85.2;0;1;0
343;RT;10;8;1997;10:00:00;10:25:00;1387-92142;1;;369;1049;30.1;32;231;240;84.9;0;0;0
344;RT;10;8;1997;11:52:00;12:13:00;1387-92143;1;;354;998;27.2;29.2;227;234;81.7;1;1;0
345;RT;10;9;1997;09:57:00;11:07:00;1387-92144;1;;367;1091;31.8;34.2;238;249;91.7;0;0;0
346;RT;10;9;1997;13:00:00;13:32:00;1387-92145;1;;349;987;29;31.1;225;237;89;0;0;0
347;RT;10;9;1997;13:27:00;13:57:00;1387-92146;1;;375;1151;34.1;33.7;249;250;94;1;1;0.25
348;RT;10;9;1997;14:27:00;14:50:00;1387-92147;1;;343;971;25.1;26.1;213;224;79.3;0;0;0
349;RT;10;9;1997;14:58:00;15:15:00;1387-92148;1;;360;1159;32.9;34;240;252;91.2;1;1;0
350;RT;10;10;1997;11:45:00;12:00:00;1387-92149;1;;395;1239;26.7;33.2;231;243;90.3;0;2;0
351;RT;10;10;1997;11:55:00;12:08:00;1397-92150;1;;400;1216;28.5;32.1;227;239;84.4;0;2;0
352;SS;10;10;1997;12:10:00;12:30:00;1423-16236;2;2;170;177;12.3;14.4;155;165;54.6;3;2;0
353;CH;10;13;1997;14:21:00;14:45:00;1705-24630;1;2;268;469;20;24.9;227;232;75.3;1;1;0
354;RT;10;14;1997;11:52:00;12:05:00;1387-92151;1;;369;1039;26.9;29.5;223;245;87.4;1;2;0
355;RT;10;14;1997;14:15:00;14:30:00;1387-92152;1;;365;1079;25.2;30;228;239;86.2;0;0;0
356;RT;10;16;1997;13:05:00;13:25:00;1387-92153;2;;375;1159;33.8;32.7;242;252;91;1;0;0
357;SS;10;17;1997;10:00:00; ;1423-16238;1;1;230;162;12.3;13.8;149;153;52.5;0;0;0
358;CH;10;17;1997;14:35:00;15:00:00;12044-5876;2;1;213;339;23.5;13.8;184;181;71.2;0;1;0
359;RT;10;20;1997;11:21:00;11:35:00;1387-92154;2;;382;1403;34.9;34.7;247;259;92.5;0;1;1
360;SS;10;20;1997;12:34:00;12:50:00;1423-16239;1;1;168;175;12.9;14;158;167;55.9;2;2;0
361;RT;10;20;1997;12:49:00;13:05:00;1387-92155;2;;478;1473;39.2;44.7;267;272;NA;2;2;0.5
362;RT;10;20;1997;13:05:00;13:20:00;1387-92157;1;;469;1001;29.9;43.2;257;269;NA;1;0;0
363;SS;10;21;1997;12:16:00;12:33:00;1423-16278;1;1;172;98;8.7;10.9;148;148;53.4;1;0;0
364;RT;10;21;1997;13:47:00;14:10:00;1387-92156;1;;373;914;25.9;30.4;221;251;93.7;1;1;0.5
365;RT;10;23;1997;12:10:00;12:36:00;1387-92158;2;;386;1059;25.5;30.5;214;227;92.5;NA;1;0.5
366;RT;10;23;1997;14:36:00;15:03:00;1207-72603;1;;384;1147;29;35;229;236;91.9;NA;NA;NA
367;RT;10;31;1997;11:00:00;11:47:00;1807-53127;1;;351;949;26.8;29.7;213;216;NA;0;0;0
368;SS;10;31;1997;11:50:00;12:14:00;872-09640;1;1;168;102;9.6;11.9;138;136;50;2;1;0
369;RT;11;1;1997;12:21:00;12:34:00;1807-53128;1;;363;973;24.8;27.3;213;220;84.1;0;1;0.75
370;SS;11;1;1997;14:22:00;14:34:00;1423-16240;1;2;199;196;12.4;15.2;158;163;56.5;2;2;NA
371;CH;11;3;1997;11:30:00;12:01:00;12044-5877;1;1;235;327;16.5;20.3;193;196;69.2;1;1;0
372;RT;11;3;1997;12:15:00; ;1387-92159;2;;374;1064;26;32.1;201;210;85.2;1;1;0.5
373;RT;11;3;1997;12:52:00; ;1807-53129;1;;369;749;24;26.8;216;224;60.1;0;0;0
374;SS;11;6;1997;11:22:00;11:41:00;1343-78476;1;2;202;201;11.7;14.9;165;166;56.8;3;2;0
375;SS;11;7;1997;11:26:00;11:46:00;1423-16241;1;2;202;180;12.4;14.1;160;164;55.3;2;2;0
376;RT;11;10;1997;12:30:00;12:49:00;1387-92160;1;;374;1213;24.9;28;244;218;87.9;1;2;0
377;RT;11;11;1997;11:10:00;11:35:00;1387-92161;1;;389;1200;28.2;30.8;230;240;81.7;2;1;0
378;RT;11;15;1997;12:54:00;13:08:00;1387-92162;1;;379;1040;25.3;29.4;227;234;80.8;1;0;0
379;SS;11;18;1997;11:25:00; ;872-09641;1;1;170;113;10.6;11.1;139;141;54;0;1;0
380;RT;9;20;1998;14:45:00; ;1387-92166;1;;373;919;24.2;28.5;233;NA;NA;NA;NA;NA
381;RT;9;21;1998;11:45:00; ;1207-72604;1;;403;1487;26;32.5;240;NA;NA;NA;NA;NA
382;RT;10;1;1998;10:42:00; ;1207-72606;1;;400;1254;25.2;30;237;NA;NA;NA;NA;NA
383;SS;10;8;1998;09:45:00; ;2003-58581;2;2;205;156;10.8;14.1;144;NA;NA;NA;NA;NA
384;RT;10;8;1998;10:45:00; ;1207-72607;1;;405;1189;27.7;31.3;210;NA;NA;NA;NA;NA
385;RT;10;8;1998;14:10:00; ;1387-92173;1;;382;979;24.8;27.9;225;NA;NA;NA;NA;NA
386;SS;10;9;1998;11:15:00; ;1142-19209;2;1;165;96;10.7;11.4;125;NA;NA;NA;NA;NA
387;RT;10;9;1998;12:10:00; ;1387-92174;1;;407;1339;27.3;33.4;246;NA;NA;NA;NA;NA
388;RT;10;9;1998;12:25:00; ;1387-92175;1;;403;1199;28.8;31;225;NA;NA;NA;NA;NA
389;RT;10;10;1998;11:00:00; ;1207-72608;1;;406;1344;27.9;33.1;230;NA;NA;NA;NA;NA
390;RT;10;10;1998;12:05:00; ;1387-92196;1;;381;969;26.1;31.1;220;NA;NA;NA;NA;NA
391;RT;10;12;1998;10:15:00; ;1387-92177;1;;395;1039;26;29.7;230;NA;NA;NA;NA;NA
392;RT;10;12;1998;11:45:00; ;1207-72609;1;;410;1054;28.5;31.5;233;NA;NA;NA;NA;NA
393;CH;10;12;1998;14:30:00; ;1204-45878;2;2;243;334;17.5;19.2;196;NA;NA;NA;NA;NA
394;SS;10;14;1998;13:30:00; ;1423-16242;1;1;170;101;9.8;11;135;NA;NA;NA;NA;NA
395;SS;10;15;1998;14:35:00; ;1343-78477;2;2;210;181;12.2;15;170;NA;NA;NA;NA;NA
396;RT;10;21;1998;10:40:00; ;1207-72610;2;;425;1449;30.3;33;232;NA;NA;NA;NA;NA
397;RT;10;22;1998;14:01:00; ;1387-92178;1;;402;985;26.6;29.8;234;NA;NA;NA;NA;NA
398;RT;10;26;1998;10:17:00; ;1387-92180;2;;480;1598;34.2;35.4;239;NA;NA;NA;NA;NA
399;RT;10;26;1998;12:15:00; ;1387-92181;1;;412;992;30.1;31.5;230;NA;NA;NA;NA;NA
400;CH;10;29;1998;10:25:00; ;1705-24634;1;2;260;569;19.1;24;227;NA;NA;NA;NA;NA
401;RT;11;2;1998;11:55:00; ;1207-72611;2;;381;1354;28.2;32;213;NA;NA;NA;NA;NA
402;RT;11;3;1998;14:53:00; ;1207-72612;2;;392;969;25.9;29;207;NA;NA;NA;NA;NA
403;RT;11;4;1998;10:35:00; ;9387-92182;1;;382;1080;25.3;31;214;NA;NA;NA;NA;NA
404;SS;11;4;1998;12:10:00; ;1343-78478;2;2;196;185;12.5;14;146;NA;NA;NA;NA;NA
405;RT;11;9;1998;01:31:00; ;1387-92183;2;;391;1097;27.9;32.8;217;NA;NA;NA;NA;NA
406;RT;11;11;1998;11:48:00; ;1207-72613;2;;397;1439;28.8;31.4;216;NA;NA;NA;NA;NA
407;RT;11;11;1998;12:52:00; ;1807-53130;1;;361;NA;24.4;27.9;214;NA;NA;NA;NA;NA
408;RT;11;11;1998;14:15:00; ;1387-92184;1;;376;1019;25.8;29.5;216;NA;NA;NA;NA;NA
409;RT;11;12;1998;14:00:00; ;1207-726114;2;;410;1239;29.5;31.8;222;NA;NA;NA;NA;NA
410;RT;11;18;1998;11:30:00; ;1207-72615;1;;381;1399;27.6;31.3;288;NA;NA;NA;NA;NA
411;RT;11;19;1998;13:07:00; ;1387-92185;1;;396;1169;27.5;25.2;238;NA;NA;NA;NA;NA
412;RT;11;20;1998;10:30:00; ;1387-92186;1;;383;1164;27;29.9;199;NA;NA;NA;NA;NA
413;SS;11;20;1998;11:52:00; ;1343-78479;1;2;203;176;11.5;14.7;161;NA;NA;NA;NA;NA
414;RT;9;5;1999;11:35:00; ;1387-92187;1;;271;NA;27.4;33;235;236;NA;NA;2;0
415;CH;9;7;1999;11:00:00; ;1205-24636;1;2;255;429;19;22.9;208;216;NA;NA;NA;NA
416;SS;9;10;1999;11:05:00; ;1423-16243;1;2;196;160;12.3;14.7;137;136;NA;NA;4;1
417;SS;9;13;1999;10:15:00; ;872-09646;1;1;168;105;10.2;11;143;139;NA;NA;2;0
418;RT;9;14;1999;15:30:00; ;1387-92188;1;;392;890;24.1;29.2;219;200;NA;NA;0;1
419;SS;9;16;1999;12:08:00; ;1142-19210;1;1;163;100;9.7;11.6;128;115;NA;NA;2;1
420;SS;9;18;1999;11:10:00; ;2003-99306;1;2;205;NA;13.7;15;161;164;NA;NA;NA;NA
421;RT;9;18;1999;12:08:00; ;1207-72616;1;;395;1215;28.3;33;236;240;NA;NA;2;1
422;SS;9;18;1999;15:08:00; ;1142-19211;1;1;163;100;9.9;11.3;131;137;NA;NA;3;0.3
423;RT;9;18;1999;15:45:00; ;1387-92189;1;;370;1030;27.6;31.4;225;227;NA;NA;2;0
424;CH;9;20;1999;10:17:00; ;1204-45867;2;1;225;340;15.7;19.4;190;198;NA;NA;2;1
425;SS;9;21;1999;12:12:00; ;1213-58901;1;2;197;165;11.9;9.6;150;152;NA;NA;1;0
426;RT;9;21;1999;13:00:00; ;1387-92190;1;;376;985;26.4;30.3;223;219;NA;NA;1;0
427;RT;9;22;1999;10:55:00; ;1387-92191;1;;372;975;26.5;31.6;225;220;NA;NA;1;0.5
428;RT;9;23;1999;11:11:00; ;1207-72617;1;;391;1165;28.2;32.4;241;241;NA;NA;1;1
429;SS;9;24;1999;12:30:00; ;1142-19212;1;;165;95;9.7;11.2;136;138;NA;NA;1;1
430;RT;9;24;1999;14:24:00; ;1387-92192;1;;364;1044;23.5;29;210;222;NA;NA;1;1
431;SS;9;25;1999;11:35:00; ;2003-99307;2;2;202;180;12.9;15;160;158;NA;NA;3;0
432;SS;9;25;1999;12:00:00; ;1142-19213;1;1;163;125;9.7;10.9;135;131;NA;NA;2;1
433;RT;9;25;1999;12:35:00; ;1387-92193;1;1;381;1080;NA;32.3;223;216;NA;NA;NA;NA
434;RT;9;25;1999;14:10:00; ;1387-92194;1;;375;890;24.6;28;219;216;NA;NA;NA;NA
435;RT;9;26;1999;12:55:00; ;1387-92195;1;;392;1105;26.4;33.6;229;225;NA;NA;NA;NA
436;RT;9;29;1999;13:08:00; ;1207-72618;2;;398;1310;28.3;35.2;211;217;NA;NA;2;0
437;RT;9;30;1999;09:20:00; ;1387-19197;1;;371;895;26.8;31;204;206;NA;NA;1;0
438;RT;9;30;1999;12:31:00; ;1387-19298;2;;367;1060;26.8;31;204;206;NA;NA;3;1
439;SS;9;30;1999;13:10:00; ;2003-99308;2;2;193;165;13.2;14.6;146;156;NA;NA;1;0
440;RT;10;2;1999;10:25:00; ;1387-19299;2;;375;960;28.9;29.3;214;202;NA;NA;NA;NA
441;RT;10;4;1999;13:21:00; ;1387-19220;1;;408;1270;29.4;33;236;231;NA;NA;1;1
442;CH;10;4;1999;15:10:00; ;22-06-35428;2;2;252;540;20;28.8;185;211;NA;NA;1;1
443;CH;10;5;1999;09:38:00; ;1204-45868;2;1;237;365;17.3;19.9;195;191;NA;NA;3;NA
444;RT;10;5;1999;10:43:00; ;1177-04601;1;;399;1170;28.3;29.9;247;236;NA;NA;0;0.3
445;CH;10;6;1999;09:45:00; ;1705-24637;2;2;268;590;20;19.9;215;206;NA;NA;2;0.5
446;RT;10;7;1999;12:40:00; ;1207-72619;1;;388;1225;29;31.5;227;219;NA;NA;3;0
447;SS;10;8;1999;13:39:00; ;2003-99309;2;2;200;175;12.3;15.6;155;152;NA;NA;3;0.5
448;SS;10;11;1999;11:13:00; ;2003-99310;1;2;192;170;12.4;15.5;159;150;NA;NA;4;0.5
449;SS;10;11;1999;13:11:00; ;1142-19214;2;1;167;100;10;11.3;132;131;NA;NA;4;0.25
450;RT;10;11;1999;15:00:00; ;1177-04699;1;;370;1060;26.6;31.9;225;220;NA;NA;2;0
451;SS;10;11;1999;15:00:00; ;1142-19215;2;1;162;110;10;11.8;130;131;NA;NA;3;1
452;RT;10;12;1999;11:05:00; ;1177-04602;1;;363;850;25.5;30;220;216;NA;NA;0;0
453;RT;10;12;1999;11:20:00; ;1177-04603;1;;371;1145;25.5;10.3;215;214;NA;NA;2;1
454;SS;10;13;1999;09:01:00; ;2003-99311;2;2;199;165;12.5;15.7;161;155;NA;NA;4;1
455;RT;10;14;1999;09:23:00; ;1177-04604;1;;386;1090;26.1;28.2;226;225;NA;NA;2;0.5
456;RT;10;14;1999;09:52:00; ;1207-72620;1;;400;1345;32.6;33.9;227;233;NA;NA;3;0.25
457;RT;10;14;1999;13:15:00; ;1177-04605;1;;390;1050;26.6;29;236;232;NA;NA;1;1
458;SS;10;14;1999;13:49:00; ;2003-99312;2;2;199;200;12.5;14.9;169;156;NA;NA;3;1
459;CH;10;14;1999;14:45:00; ;1705-24639;2;2;254;505;19.6;24;212;209;NA;NA;3;0.25
460;RT;10;15;1999;10:08:00; ;1177-14606;2;;382;1040;27.1;30.8;210;203;NA;NA;1;0
461;SS;10;15;1999;10:50:00; ;803-05929;2;2;196;155;12.7;14.3;164;154;NA;NA;4;0
462;RT;10;15;1999;11:29:00; ;1177-04607;1;;354;965;26.2;28.5;226;222;NA;NA;2;0
463;RT;10;15;1999;12:27:00; ;1177-04608;1;;403;1105;28.9;33.2;242;236;NA;NA;1;0
464;SS;10;15;1999;13:35:00; ;2003-99313;1;2;194;155;12.6;13.7;153;149;NA;NA;0;0.4
465;RT;10;15;1999;14:08:00; ;1177-04609;1;;375;1045;27.2;30;221;214;NA;NA;2;1
466;RT;10;15;1999;14:39:00; ;1807-53131;1;;369;900;24.4;27.3;220;212;NA;NA;2;0
467;RT;10;15;1999;15:33:00; ;1177-04610;1;;368;1015;25.7;30.3;219;216;NA;NA;2;0
468;RT;10;16;1999;13:05:00; ;1177-04611;2;;393;1385;27.9;32.6;225;222;NA;NA;2;0
469;RT;10;20;1999;11:28:00; ;1177-04612;1;;370;1165;26;31.5;221;212;NA;NA;2;0.25
470;RT;10;20;1999;13:07:00; ;1177-04613;1;;378;905;28;32.3;215;216;NA;NA;0;0
471;RT;10;21;1999;11:50:00; ;1177-04614;1;;369;985;26;31.1;223;228;NA;NA;2;0
472;RT;10;21;1999;13:56:00; ;1807-53132;1;;364;800;25.5;28.6;219;211;NA;NA;2;0
473;RT;10;22;1999;09:40:00; ;1177-06415;1;;387;995;26.9;31.4;235;226;NA;NA;2;0
474;RT;10;23;1999;10:40:00; ;1207-72621;2;;410;1460;29.4;33.6;216;221;NA;NA;2;1
475;SS;10;23;1999;11:39:00; ;2003-99314;1;2;194;165;11.9;14.1;151;158;NA;NA;3;0
476;RT;10;25;1999;14:00:00; ;1207-72622;2;;410;1585;30.6;39.8;130;251;NA;NA;3;0
477;SS;10;27;1999;11:48:00; ;803-05930;2;2;194;185;13.1;15.5;154;163;NA;NA;1;0
478;RT;10;27;1999;12:55:00; ;1177-04616;1;;373;920;25;28.3;223;226;NA;NA;2;0
479;RT;11;1;1999;12:55:00; ;1207-72623;1;;390;1460;29.3;35.6;221;234;NA;NA;1;0.5
480;RT;11;2;1999;10:00:00; ;1207-72624;2;;404;1315;30;32.5;220;245;NA;NA;1;0
481;RT;11;2;1999;11:35:00; ;1177-04617;1;;375;1019;26;29.9;186;205;NA;NA;0;1
482;RT;11;3;1999;10:27:00; ;1207-72625;1;;395;1215;29.7;31.3;217;223;NA;NA;2;0
483;RT;11;3;1999;14:30:00; ;1177-04618;1;;379;1005;27.8;31.4;209;224;NA;NA;1;0
484;RT;11;4;1999;12:15:00; ;1207-72626;1;;382;1350;27.9;29.9;215;217;NA;NA;2;0
485;RT;11;4;1999;14:00:00; ;1207-72627;1;;404;1145;27.7;31.8;214;226;NA;NA;1;0
486;SS;11;5;1999;10:48:00; ;2003-99315;2;2;205;175;12.25;15.5;169;164;NA;NA;4;0
487;RT;11;5;1999;14:10:00; ;1177-04619;2;;377;1010;25.4;29;207;214;NA;NA;0;0.5
488;SS;11;6;1999;11:54:00; ;2003-99316;1;1;184;155;12;14.9;153;157;NA;NA;3;0
489;RT;11;8;1999;12:25:00; ;1177-04620;1;;390;1120;26.6;30;210;225;NA;NA;1;0.5
490;RT;11;9;1999;10:25:00; ;1177-14621;2;;404;280;28.2;31.55;224;226;NA;NA;3;0
491;RT;11;10;1999;10:15:00; ;1177-04622;1;;351;775;25.4;29.3;200;215;NA;NA;1;0
492;RT;11;10;1999;12:45:00; ;1207-72628;1;;394;1210;29.4;31.7;207;227;NA;NA;2;0
493;SS;11;10;1999;01:15:00; ;1142-19227;2;1;175;107;10;11.4;137;146;NA;NA;1;0
494;RT;11;12;1999;13:50:00; ;1807-53133;2;;372;909;24.4;25.4;212;216;NA;NA;2;0.25
495;SS;11;13;1999;10:30:00; ;1142-19228;1;1;169;95;10;11.85;132;144;NA;NA;2;0
496;RT;11;13;1999;11:30:00; ;1177-04623;1;;376;1145;25.1;31.55;226;234;NA;NA;2;0.75
497;RT;11;13;1999;12:05:00; ;1177-04624;1;;399;1150;27.2;29.55;232;243;NA;NA;2;0
498;RT;11;17;1999;13:11:00; ;1207-72629;1;;399;1560;30;33.85;228;232;NA;NA;3;1
499;RT;11;19;1999;09:58:00; ;1177-04625;1;;357;940;23.6;28.35;205;212;NA;NA;3;0
500;SS;9;7;2000;10:30:00; ;2003-94317;1;2;195;145;11.7;14.6;155;160;NA;NA;4;0
501;RT;9;7;2000;13:25:00; ;1207-22630;1;;400;1089;27.3;33.1;228;238;NA;NA;1;0.5
502;RT;9;9;2000;09:29:00; ;1207-72631;1;;382;1194;29.4;33.8;237;234;NA;NA;1;0
503;SS;9;9;2000;09:38:00; ;1142-18229;1;1;161;95;10.1;11.3;135;129;NA;NA;4;0
504;RT;9;13;2000;09:35:00; ;1177-04626;1;;390;1015;28;30.1;230;220;NA;NA;2;0
505;RT;9;13;2000;10:35:00; ;1177-04627;1;;379;975;24.1;29.1;219;227;NA;NA;2;0
506;RT;9;13;2000;11:35:00; ;1177-04628;1;;376;1035;26.8;30.5;223;234;NA;NA;2;0.5
507;RT;9;13;2000;12:10:00; ;1177-04629;2;;331;1055;27;30.4;210;223;NA;NA;2;1
508;RT;9;13;2000;14:02:00; ;1177-04630;1;;371;945;26.1;30.2;222;226;NA;NA;1;0
509;SS;9;14;2000;11:34:00; ;1213-58902;1;1;160;90;11;11.8;124;129;NA;NA;3;0.5
510;RT;9;15;2000;14:12:00; ;1177-04631;1;;361;785;25.2;28.7;201;211;NA;NA;1;0.5
511;CH;9;16;2000;12:23:00; ;1705-37411;2;2;268;56;19.3;26.1;206;223;NA;NA;3;0.25
512;RT;9;18;2000;12:05:00; ;1207-72632;1;;394;1220;30.3;34.5;234;234;NA;NA;1;0
513;SS;9;18;2000;12:35:00; ;2003-99318;2;2;191;175;13;15.3;149;154;NA;NA;4;0.5
514;RT;9;18;2000;13:39:00; ;1207-77633;2;;358;1025;27.4;29;204;201;NA;NA;1;1
515;RT;9;18;2000;14:33:00; ;1177-04632;1;;380;1000;26.9;29;204;217;NA;NA;3;1
516;SS;9;21;2000;10:40:00; ;803-05931;2;2;188;175;12.1;14.2;154;150;NA;NA;4;0
517;RT;9;21;2000;11:35:00; ;1207-72634;1;;397;1210;28.3;34;224;219;NA;NA;2;0.5
518;SS;9;21;2000;12:58:00; ;803-05932;2;2;196;180;13.1;13.9;150;160;NA;NA;4;1
519;SS;9;21;2000;13:32:00; ;803-05933;2;2;190;175;12.8;14.6;147;149;NA;NA;4;0.25
520;SS;9;22;2000;13:34:00; ;1142-19230;1;1;161;90;9.8;11.1;130;136;NA;NA;3;0.5
521;CH;9;25;2000;09:50:00; ;1705-37412;2;2;145;320;16.5;20.5;180;196;NA;NA;1;0.25
522;RT;9;25;2000;12:06:00; ;1207-72635;1;;392;1185;28.5;33;229;234;NA;NA;2;0
523;SS;9;25;2000;12:20:00; ;803-05934;1;2;190;NA;11.9;14.6;153;160;NA;NA;2;0.5
524;CH;9;25;2000;13:18:00; ;1204-45869;1;1;230;350;16.4;21.3;187;206;NA;NA;2;1
525;RT;9;25;2000;14:52:00; ;1207-72636;2;;406;NA;27;31.1;222;224;NA;NA;2;0.5
526;RT;9;26;2000;10:35:00; ;1177-04633;1;;363;950;24.6;30.3;214;219;NA;NA;2;0
527;SS;9;26;2000;11:40:00; ;1142-19231;1;1;162;85;10.1;11.4;132;137;NA;NA;2;0
528;RT;9;26;2000;12:10:00; ;1177-04634;1;;374;895;26.4;30.8;219;227;NA;NA;2;0
529;RT;9;26;2000;12:40:00; ;1177-04635;1;;412;1150;27.8;33.2;230;240;NA;NA;1;0.25
530;CH;9;26;2000;13:23:00; ;2206-35431;1;2;272;565;20.7;24;219;240;NA;NA;2;0
531;RT;9;26;2000;14:25:00; ;1177-04636;1;;388;950;26.5;32.2;230;235;NA;NA;2;0
532;RT;9;27;2000;11:30:00; ;1177-04637;1;;371;990;26.9;29.7;217;221;NA;NA;2;0
533;CH;9;27;2000;12:20:00; ;1204-45870;1;1;225;325;15.8;18.7;179;187;NA;NA;2;0.5
534;RT;9;27;2000;13:00:00; ;1207-72637;1;;391;1120;29;33.9;225;236;NA;NA;2;0.25
535;SS;9;28;2000;14:30:00; ;1142-19232;1;1;163;90;9.8;11.5;123;131;NA;NA;3;0.5
536;RT;9;29;2000;10:25:00; ;1207-72638;1;2;410;1120;28.5;33.6;229;237;NA;NA;2;0.5
537;RT;9;29;2000;11:47:00; ;1177-04638;1;;368;820;25.2;28.7;215;205;NA;NA;2;0
538;RT;9;29;2000;13:00:00; ;1177-04639;1;2;410;1200;26.7;29.4;247;255;NA;NA;2;0
539;RT;9;29;2000;13:30:00; ;1207-74639;2;2;425;1120;29.4;33.3;222;227;NA;NA;2;0
540;RT;9;30;2000;13:30:00; ;1177-04640;1;;368;1120;24.7;30.8;220;224;NA;NA;2;1
541;RT;9;30;2000;15:01:00; ;1207-74640;1;;392;1220;27.3;34.1;234;237;NA;NA;1;0
542;SS;10;1;2000;14:00:00; ;1705-37413;1;1;250;470;18.9;25.3;192;195;NA;NA;1;0
543;RT;10;1;2000;14:50:00; ;1207-72641;1;;418;1310;29.1;31.9;248;255;NA;NA;2;0.5
544;RT;10;2;2000;13:20:00; ;1177-04641;1;;370;920;26.8;29.7;221;223;NA;NA;3;0
545;SS;10;3;2000;10:52:00; ;1142-19233;2;1;170;100;10.9;12.2;132;136;NA;NA;2;0.5
546;SS;10;3;2000;14:05:00; ;803-05935;2;2;203;180;13.2;15.6;162;164;NA;NA;3;1
547;RT;10;4;2000;10:40:00; ;1177-04642;2;;370;955;26.5;30.5;218;223;NA;NA;2;0
548;RT;10;4;2000;11:56:00; ;1207-72642;2;;408;1225;28.8;32.7;225;225;NA;NA;2;0
549;RT;10;6;2000;12:59:00; ;1207-72643;2;;393;1400;27.9;35.3;215;221;NA;NA;3;0
550;RT;10;7;2000;09:55:00; ;1177-04643;1;;365;1025;24.6;30.1;225;224;NA;NA;1;0
551;RT;10;7;2000;10:27:00; ;1207-72644;1;;405;1140;28.2;31.9;244;249;NA;NA;1;0
552;RT;10;7;2000;10:43:00; ;1207-72645;1;;381;1080;26.1;31.6;232;233;NA;NA;0;0
553;RT;10;7;2000;12:24:00; ;1177-04644;1;;390;1135;27.6;31.1;238;239;NA;NA;2;0
554;RT;10;7;2000;15:12:00; ;1207-72646;1;;384;1430;29.8;35;231;235;NA;NA;1;0.25
555;RT;10;8;2000;12:25:00; ;1177-04645;1;;390;1050;25.6;29.9;218;221;NA;NA;1;0.25
556;RT;10;8;2000;13:29:00; ;1177-04646;1;;381;920;27;29.6;223;226;NA;NA;1;0.25
557;SS;10;9;2000;10:10:00; ;803-05936;2;2;194;175;12.4;14;152;152;NA;NA;4;1
558;RT;10;9;2000;14:00:00; ;1807-82702;1;;371;905;23.6;26.8;197;204;NA;NA;3;0.5
559;RT;10;9;2000;14:26:00; ;1177-04647;1;;356;915;26.4;28.9;195;204;NA;NA;2;0
560;RT;10;9;2000;14:38:00; ;1177-04648;1;;377;910;25;29;206;217;NA;NA;1;0
561;RT;10;10;2000;13:57:00; ;1177-04649;1;;362;950;25.4;29.7;213;215;NA;NA;2;0.5
562;SS;10;11;2000;12:21:00; ;1142-19234;2;1;165;105;10.1;11.8;127;132;NA;NA;4;1
563;SS;10;12;2000;10:10:00; ;1142-19235;2;1;155;100;9.3;11.8;122;130;NA;NA;4;0.5
564;RT;10;12;2000;13:35:00; ;1207-72647;1;;400;1225;27.3;34.2;222;233;NA;NA;2;0
565;SS;10;13;2000;09:33:00; ;1142-19236;2;1;161;105;10.4;12;124;138;NA;NA;2;0
566;RT;10;13;2000;09:58:00; ;1207-72648;1;;387;1090;27.9;32.4;227;227;NA;NA;2;0
567;RT;10;13;2000;11:08:00; ;1207-72649;1;;409;1350;30;32.7;235;245;NA;NA;2;0
568;SS;10;13;2000;12:35:00; ;2003-99320;2;2;195;200;13;13.4;158;172;NA;NA;3;1
569;SS;10;13;2000;14:45:00; ;2003-99321;2;2;196;200;13.5;15.4;150;156;NA;NA;4;0
570;SS;10;14;2000;11:35:00; ;1142-19237;2;1;169;100;10;11.7;133;135;NA;NA;3;1
571;RT;10;14;2000;12:07:00; ;1177-04650;1;;385;940;26.2;30.5;228;235;NA;NA;2;0
572;RT;10;14;2000;13:07:00; ;1807-82703;1;;377;920;24.7;29.3;219;225;NA;NA;2;0
573;RT;10;14;2000;13:12:00; ;1177-04651;1;;400;1190;29.4;33.3;231;237;NA;NA;2;0
574;SS;10;15;2000;12:50:00; ;1142-19238;1;1;164;90;9.4;10.7;127;132;NA;NA;3;0
575;SS;10;16;2000;14:30:00; ;1142-19239;2;1;165;95;10.4;11.4;127;130;NA;NA;3;0
576;RT;10;17;2000;15:03:00; ;1177-04652;1;;363;915;25;28.3;209;219;NA;NA;2;0
577;CH;10;18;2000;12:14:00; ;2206-35432;2;2;266;535;18.8;25.4;223;229;NA;NA;3;0
578;RT;10;18;2000;14:28:00; ;1177-04653;1;;403;1310;29.1;33.3;237;241;NA;NA;2;0
579;RT;10;19;2000;12:14:00; ;1177-04654;1;;375;950;26.9;30.1;210;211;NA;NA;2;0
580;SS;10;19;2000;13:38:00; ;1142-09240;2;1;166;120;10.1;11.7;133;137;NA;NA;2;1
581;RT;10;20;2000;09:48:00; ;1177-04655;1;;373;975;26.1;27.9;215;221;NA;NA;2;0
582;RT;10;20;2000;11:46:00; ;1177-04656;1;;373;990;27.9;31;217;219;NA;NA;2;0
583;SS;10;20;2000;12:38:00; ;1142-09241;2;1;170;110;11.4;121;135;143;NA;NA;1;1
584;RT;10;20;2000;14:12:00; ;1177-04657;2;;373;1270;26.5;29.6;207;210;NA;NA;2;0
585;RT;10;20;2000;14:27:00; ;1807-82704;1;;354;960;26;31;211;213;NA;NA;3;0.25
586;RT;10;20;2000;14:45:00; ;1207-72650;1;;394;1290;28.8;30.7;225;232;NA;NA;2;0
587;SS;10;21;2000;09:22:00; ;1142-09242;1;1;165;95;10.2;11.6;131;139;NA;NA;3;0
588;CH;10;21;2000;13:57:00; ;1705-24640;2;2;261;505;19.2;25.1;203;203;NA;NA;2;0
589;RT;10;21;2000;14:12:00; ;1177-04658;1;;377;1045;26.9;31.5;223;225;NA;NA;2;0
590;RT;10;25;2000;12:51:00; ;1177-04659;1;;364;1090;27.1;30.3;218;223;NA;NA;2;1
591;RT;10;25;2000;13:45:00; ;1177-04660;1;;385;1180;28.6;30;222;225;NA;NA;2;0
592;RT;10;26;2000;09:21:00; ;1177-04661;1;;390;1195;27.6;34.7;235;237;NA;NA;2;0
593;RT;10;26;2000;10:53:00; ;1177-04662;2;;383;1055;27.7;32.7;208;208;NA;NA;2;0
594;RT;10;26;2000;12:53:00; ;1177-04663;1;;365;1025;26.1;30.3;216;223;NA;NA;2;0
595;SS;10;27;2000;10:49:00; ;803-05937;1;2;201;175;12;14.8;157;163;NA;NA;3;0
596;RT;10;27;2000;13:15:00; ;1177-04664;1;;376;940;25.1;31.7;217;220;NA;NA;2;0
597;RT;10;27;2000;14:49:00; ;1207-72651;2;;402;1335;28.3;33.3;219;217;NA;NA;2;0.25
598;RT;10;29;2000;09:45:00; ;1177-04665;1;;394;1085;29.4;32.7;235;230;NA;NA;1;0.25
599;CH;10;29;2000;13:36:00; ;1204-45871;1;1;223;375;16.2;20.7;185;208;NA;NA;2;1
600;RT;10;30;2000;11:20:00; ;1177-04666;2;;378;1090;28;30.9;212;217;NA;NA;2;0.25
601;RT;11;1;2000;12:08:00; ;1177-04667;1;;369;995;26;28.2;211;225;NA;NA;2;0
602;RT;11;1;2000;13:16:00; ;1177-04668;2;;378;1090;28;30.7;201;209;NA;NA;1;0.5
603;RT;11;2;2000;09:55:00; ;1177-04669;2;;262;1020;28;31.2;200;207;NA;NA;2;0
604;SS;11;2;2000;10:28:00; ;1142-19243;1;1;165;100;10.6;12.1;137;150;NA;NA;4;1
605;RT;11;2;2000;12:47:00; ;1177-04670;2;;379;1000;28.6;32.2;217;224;NA;NA;1;0
606;RT;11;3;2000;09:42:00; ;1177-04671;1;;380;1085;27.4;33.3;223;225;NA;NA;1;0
607;RT;11;4;2000;11:20:00; ;1177-04672;2;;380;1045;24.9;27;199;206;NA;NA;2;0
608;RT;11;4;2000;13:10:00; ;1177-04673;1;;393;1060;27.7;32.4;217;225;NA;NA;1;0
609;RT;11;4;2000;13:24:00; ;1207-72652;2;;389;1135;27.1;32.1;207;210;NA;NA;2;0
610;RT;11;8;2000;10:31:00; ;1207-72653;1;;395;1210;28.5;28.5;222;223;NA;NA;3;0
611;SS;11;12;2000;13:50:00; ;2003-99233;1;2;207;185;13;14.3;163;172;NA;NA;2;1
612;RT;11;14;2000;11:40:00; ;1807-82705;1;;367;965;24.8;24.1;217;220;NA;NA;3;0
613;RT;11;14;2000;11:57:00; ;1177-04674;2;;368;905;26.8;27;200;204;NA;NA;0;0.5
614;RT;11;18;2000;10:47:00; ;1177-04675;1;;377;1125;25.3;29.5;220;226;NA;NA;2;0
615;RT;11;20;2000;11:15:00; ;1177-04676;1;;374;950;27.2;29.8;216;224;NA;NA;2;1
616;RT;11;21;2000;12:03:00; ;1177-04677;2;;385;1195;27.3;30.9;216;227;NA;NA;3;0
617;RT;9;3;2001;13:30:00; ;1177-04698;1;;363;1005;25;31.6;222;226;NA;NA;2;0
618;SS;9;9;2001;11:51:00; ;1142-19244;1;1;164;95;11.4;130;136;136;NA;NA;4;0
619;SS;9;10;2001;09:39:00; ;2003-99323;2;2;199;175;12.3;15;142;149;NA;NA;4;0
620;RT;9;10;2001;14:05:00; ;1177-04678;1;;378;995;26.2;30;213;222;NA;NA;2;0
621;SS;9;12;2001;11:03:00; ;803-05938;1;2;200;165;12.1;14.2;154;158;NA;NA;4;0.25
622;RT;9;12;2001;11:35:00; ;1207-72654;1;;405;1170;29.25;39.8;226;230;NA;NA;2;0
623;SS;9;13;2001;10:20:00; ;2003-99324;1;2;194;145;12;14.6;156;161;NA;NA;3;0
624;SS;9;13;2001;11:00:00; ;2003-99325;1;2;190;175;12.4;15.2;160;159;NA;NA;1;0.5
625;SS;9;13;2001;13:03:00; ;2003-99326;1;2;195;170;13.1;14.8;149;161;NA;NA;2;1
626;SS;9;14;2001;10:35:00; ;1213-58903;1;1;161;105;10.3;11.2;131;135;NA;NA;3;1
627;SS;9;14;2001;13:05:00; ;1213-58904;1;1;168;95;10;11.4;137;139;NA;NA;3;0.25
628;SS;9;14;2001;13:55:00; ;1213-58905;1;1;160;95;9.8;10.8;126;132;NA;NA;2;1
629;RT;9;16;2001;14:00:00; ;1177-04679;1;;392;1085;31.2;34.6;210;219;NA;NA;1;0
630;SS;9;19;2001;10:11:00; ;2003-99327;1;2;201;165;12.3;14.8;165;168;NA;NA;4;0
631;RT;9;19;2001;11:55:00; ;1207-72655;1;;395;1115;27.4;32.7;235;240;NA;NA;1;0
632;RT;9;20;2001;12:50:00; ;1207-72656;1;;390;1195;27.6;33;222;228;NA;NA;1;0.5
633;SS;9;22;2001;09:45:00; ;1142-19245;1;1;161;100;9.8;11.9;129;132;NA;NA;3;0
634;CH;9;22;2001;10:45:00; ;1705-24641;2;1;230;365;16.9;23.55;192;204;NA;NA;3;0.25
635;SS;9;22;2001;14:57:00; ;2003-99328;1;2;192;170;11.9;9.5;156;161;NA;NA;4;0.5
636;SS;9;24;2001;12:50:00; ;1213-58906;1;1;156;90;9.8;11.3;135;138;NA;NA;1;0
637;SS;9;24;2001;14:20:00; ;1213-58907;1;1;158;95;10.7;11.1;129;136;NA;NA;2;1
638;SS;9;26;2001;10:15:00; ;1142-19246;1;1;167;115;9.8;11.4;131;135;NA;NA;3;1
639;SS;9;26;2001;12:20:00; ;804-00201;1;2;199;155;11.9;14.5;160;165;NA;NA;4;0
640;CH;9;27;2001;13:40:00; ;1705-24642;1;2;320;229;17;21;195;199;NA;NA;2;0
641;RT;9;30;2001;12:33:00; ;1207-72657;2;;389;1165;29;33.1;223;226;NA;NA;2;0
642;CH;10;2;2001;11:00:00; ;804-00202;1;1;227;155;17.1;21;192;204;NA;NA;1;0.25
643;CH;10;2;2001;13:15:00; ;804-00203;2;1;230;340;16.1;20.2;198;202;NA;NA;2;0
644;SS;10;3;2001;10:29:00; ;2003-99329;2;2;199;180;12;15.5;152;159;NA;NA;4;0
645;RT;10;5;2001;14:29:00; ;1177-04680;1;;378;235;25.4;30.7;223;231;NA;NA;1;0.5
646;SS;10;9;2001;13:25:00; ;1142-19247;1;1;164;105;10.2;11.2;132;137;NA;NA;2;1
647;RT;10;9;2001;14:58:00; ;1207-72658;2;;385;1085;27.5;30.8;216;226;NA;NA;2;0.5
648;RT;10;14;2001;09:36:00; ;1177-04681;1;;369;970;26.1;30.4;207;212;NA;NA;2.5;0
649;RT;10;14;2001;10:27:00; ;1177-04682;1;;378;1030;28.5;31.9;218;223;NA;NA;2;0
650;RT;10;14;2001;11:52:00; ;1177-04683;1;;373;1015;25.5;29.6;215;335;NA;NA;2.5;0
651;RT;10;14;2001;12:20:00; ;1177-04684;2;;419;1030;29.2;31.5;224;229;NA;NA;2.5;0
652;RT;10;14;2001;14:12:00; ;1177-04685;1;;414;1215;26.4;29.2;242;232;NA;NA;2;0
653;SS;10;15;2001;13:20:00; ;2003-99330;2;2;203;185;13.5;14.2;157;170;NA;NA;2.5;0
654;SS;10;17;2001;09:50:00; ;1142-19248;2;1;162;95;10.2;11;119;121;NA;NA;3;0.25
655;SS;10;17;2001;10:36:00; ;1142-19249;1;1;165;95;10;11;130;138;NA;NA;3;0
656;SS;10;17;2001;10:58:00; ;1142-19250;2;1;161;95;9.7;11;124;134;NA;NA;4;0.5
657;SS;10;17;2001;11:35:00; ;1142-19251;1;1;161;110;10.1;11.8;130;137;NA;NA;2;0.75
658;RT;10;17;2001;12:59:00; ;1177-04686;1;;404;1170;28.4;32.8;237;240;NA;NA;1;0
659;SS;10;17;2001;13:48:00; ;1142-19252;1;1;165;105;10.4;11.2;140;139;NA;NA;3;0.25
660;SS;10;17;2001;14:03:00; ;2003-99331;2;2;199;175;12.8;14.5;159;160;NA;NA;3;0
661;SS;10;18;2001;09:24:00; ;1142-19253;1;1;171;95;10.9;11.7;138;145;NA;NA;3;0
662;SS;10;18;2001;09:58:00; ;2003-99332;2;2;213;190;13.7;15.2;159;269;NA;NA;4;0
663;SS;10;18;2001;10:11:00; ;1142-19254;2;1;169;105;10.2;11.8;136;142;NA;NA;3;1
664;RT;10;18;2001;10:35:00; ;1207-72659;1;;379;1435;27.4;32.7;221;221;NA;NA;3;0
665;RT;10;18;2001;12:00:00; ;1207-72660 ;1;;407;1235;30.1;35.8;243;246;NA;NA;2;0
666;RT;10;18;2001;12:42:00; ;1177-04689;1;;376;1055;29.5;32.2;222;220;NA;NA;3;0
667;RT;10;18;2001;13:56:00; ;1177-04688;1;;380;1105;22;30.8;208;212;NA;NA;2;0.5
668;SS;10;18;2001;14:29:00; ;1142-19255;2;1;172;120;9.8;11.8;132;141;NA;NA;2;1
669;RT;10;18;2001;15:30:00; ;1207-72661;1;;408;1390;28.4;32.7;245;243;NA;NA;1;0.75
670;SS;10;19;2001;11:53:00; ;1142-19256;2;1;167;105;10.3;10.8;131;138;NA;NA;2;0
671;RT;10;19;2001;12:42:00; ;1177-04690;2;;374;1080;26.5;31.3;206;214;NA;NA;3;0
672;RT;10;21;2001;12:48:00; ;1177-04691;1;;376;910;26.1;32.2;220;224;NA;NA;2;0
673;CH;10;23;2001;10:55:00; ;1705-24643;1;2;258;490;18;24.2;214;214;NA;NA;2;0
674;RT;10;23;2001;12:24:00; ;1807-66307;1;;370;845;25;27.4;217;220;NA;NA;2;0
675;SS;10;23;2001;12:55:00; ;2003-99333;2;2;202;175;13.3;14.9;162;171;NA;NA;3.5;0
676;RT;10;25;2001;10:29:00; ;1807-66308;1;;363;865;25.6;27.3;210;211;NA;NA;3;0
677;SS;10;25;2001;11:04:00; ;2003-99334;2;2;200;180;11.9;13.5;163;173;NA;NA;3;0
678;RT;10;25;2001;11:50:00; ;1177-04692;1;;372;2030;26.2;30.2;196;204;NA;NA;3;0
679;RT;10;25;2001;12:55:00; ;1807-66309;2;;378;960;24.6;30;206;214;NA;NA;3;0
680;CH;10;26;2001;12:20:00; ;1750-24644;2;2;254;515;19.5;23.8;218;221;NA;NA;3;0
681;RT;10;26;2001;13:00:00; ;1177-04694;1;;361;970;26.3;30.7;218;219;NA;NA;2;0
682;RT;10;28;2001;10:46:00; ;1177-04695;2;;389;1265;26.6;30.6;210;217;NA;NA;3;0.25
683;RT;10;28;2001;11:37:00; ;1207-72662;2;;404;1300;29.4;32.8;224;229;NA;NA;4;0
684;SS;10;31;2001;13:30:00; ;2003-99335;1;2;195;170;12.9;14.7;154;162;NA;NA;2;1
685;SS;11;1;2001;11:45:00; ;2003-99336;1;2;203;191;13.5;15.5;161;166;NA;NA;3;0
686;CH;11;1;2001;13:45:00; ;1705-24645;2;2;253;540;19.1;22.6;209;214;NA;NA;3;0
687;SS;11;2;2001;09:41:00; ;2003-99337;1;2;199;185;12;14.9;157;162;NA;NA;4;0
688;SS;11;3;2001;13:58:00; ;2003-99338;1;2;194;165;11.9;14.4;158;160;NA;NA;4;0.25
689;SS;11;3;2001;14:23:00; ;2003-99339;2;2;196;205;12.2;14;156;159;NA;NA;3;1
690;SS;11;5;2001;14:40:00; ;1142-19257;1;1;168;95;10.4;12.1;133;142;NA;NA;3;0
691;RT;11;6;2001;13:05:00; ;1177-04696;2;;395;1170;25.8;30.5;218;225;NA;NA;3;0.25
692;RT;11;7;2001;11:15:00; ;1177-04697;1;;368;1075;27.7;31.7;213;222;NA;NA;3;0
693;SS;11;7;2001;13:15:00; ;803-05939;1;2;210;200;12.1;15.3;165;174;NA;NA;4;0
694;RT;11;9;2001;09:40:00; ;1177-04700;1;;401;965;25.8;29.1;235;241;NA;NA;2;0
695;RT;11;9;2001;10:40:00; ;1807-53134;1;;355;785;22.7;25;206;212;NA;NA;2;0.75
696;RT;11;10;2001;10:27:00; ;1177-04701;2;;377;1095;25.6;31.7;206;210;NA;NA;3;0
697;SS;11;11;2001;09:44:00; ;2003-99340;1;2;197;160;12;14.7;153;162;NA;NA;4;0
698;SS;11;14;2001;10:04:00; ;1142-19258;1;1;171;95;9.1;11.5;135;142;NA;NA;3;0
699;RT;11;19;2001;09:48:00; ;1177-04702;2;;277;1500;29.7;32.1;207;217;NA;NA;4;0
700;RT;11;19;2001;14:05:00; ;1207-72663;2;;435;1595;27.4;34.5;230;233;NA;NA;3;0.25
701;RT;9;4;2002;10:00:00; ;1177-04703;1;;372;985;25.4;31;224;227;NA;NA;3;0
702;CH;9;5;2002;12:45:00; ;1705-24648;2;2;260;565;20;24.2;216;215;NA;NA;2;0
703;RT;9;8;2002;12:20:00; ;1177-04704;1;;390;240;25.2;29.3;218;215;NA;NA;2;0.25
704;RT;9;8;2002;12:44:00; ;1177-04705;1;;359;875;26;31.1;215;220;NA;NA;2;0
705;RT;9;10;2002;12:39:00; ;1177-04706;1;;393;1225;29;33.4;226;224;NA;NA;2;0
706;RT;9;12;2002;10:13:00; ;1207-72664;1;;402;1255;30.6;34.6;242;243;NA;NA;3;0.25
707;RT;9;12;2002;11:51:00; ;1177-04707;1;;362;950;26.8;30.7;212;219;NA;NA;2;0
708;CH;9;13;2002;12:55:00; ;1705-14646;1;1;227;330;16;18.5;193;205;NA;NA;3;0.25
709;RT;9;16;2002;13:14:00; ;1807-53135;2;;359;895;27.5;30.1;201;219;NA;NA;2;0.25
710;SS;9;17;2002;11:20:00; ;1142-19259;1;1;155;100;9.8;12;129;133;NA;NA;3;0
711;CH;9;18;2002;12:08:00; ;1705-24647;1;2;261;455;17.1;26.8;216;220;NA;NA;2;0
712;SS;9;19;2002;09:30:00; ;1142-19260;1;1;160;90;10.3;11.5;132;132;NA;NA;3;0
713;SS;9;19;2002;12:01:00; ;1142-19261;1;1;166;105;11.3;11.4;131;139;NA;NA;2;1
714;RT;9;21;2002;13:38:00; ;1207-72665;1;;362;1305;28.2;34.3;234;235;NA;NA;2;1
715;RT;9;22;2002;10:50:00; ;1177-04708;1;;375;975;27.2;31.8;220;226;NA;NA;2;0
716;RT;9;22;2002;11:57:00; ;1177-04709;1;;388;1185;28.9;34.3;225;226;NA;NA;3;0
717;RT;9;22;2002;13:47:00; ;1177-04710;1;;392;1030;26.1;30.5;214;215;NA;NA;2;0
718;RT;9;22;2002;14:29:00; ;1207-72666;1;;412;1215;28.7;34.1;230;237;NA;NA;2;0
719;RT;9;23;2002;13:15:00; ;1177-04711;1;;371;1075;26.9;32.8;220;220;NA;NA;2;0
720;CH;9;23;2002;14:23:00; ;1705-24649;2;2;255;960;19.7;42.8;200;213;NA;NA;3;0.75
721;RT;9;24;2002;12:50:00; ;1807-53136;1;;391;795;24.3;27.6;209;210;NA;NA;3;0
722;SS;9;24;2002;13:26:00; ;2003-99341;1;2;190;180;12.2;14.2;156;161;NA;NA;4;0.5
723;RT;9;25;2002;12:36:00; ;1177-04712;1;;385;1225;27.8;32;225;228;NA;NA;3;0
724;SS;9;25;2002;14:05:00; ;1142-19262;1;1;166;110;10;11.9;139;141;NA;NA;3;1
725;SS;9;26;2002;10:49:00; ;2003-99342;2;2;197;165;12.2;14.9;159;159;NA;NA;4;0
726;RT;9;29;2002;10:10:00; ;1177-04713;1;;370;920;26.3;32;226;230;NA;NA;2;0
727;SS;9;29;2002;10:50:00; ;2003-99345;1;2;190;170;12;15;154;160;NA;NA;4;1
728;RT;9;29;2002;12:52:00; ;1207-72667;1;;400;1315;29.6;34;230;238;NA;NA;2;1
729;SS;9;29;2002;13:06:00; ;1142-19263;1;1;162;100;9.4;11.1;131;137;NA;NA;3;1
730;SS;9;30;2002;11:26:00; ;2003-00344;1;2;194;155;12.5;14.5;156;160;NA;NA;4;0
731;RT;9;30;2002;11:45:00; ;1207-72668;1;;395;1155;29.9;34.4;233;230;NA;NA;2;0
732;RT;9;30;2002;12:46:00; ;1207-72669;1;;403;1160;29;32.3;235;236;NA;NA;3;0.25
733;RT;10;3;2002;09:58:00; ;1177-04714;1;;386;955;27.9;30.4;226;239;NA;NA;3;0
734;SS;10;4;2002;09:53:00; ;803-05940;2;2;193;190;13.1;14.9;145;146;NA;NA;4;0
735;SS;10;4;2002;15:15:00; ;2003-99346;2;2;203;180;13.8;14.7;156;166;NA;NA;2;0
736;SS;10;5;2002;08:34:00; ;1142-19264;2;1;159;90;10;11.5;130;134;NA;NA;3;0
737;SS;10;5;2002;09:59:00; ;1142-19265;1;1;163;100;9.8;11.7;130;129;NA;NA;3;0.25
738;SS;10;5;2002;10:34:00; ;2003-99348;2;1;191;190;12.4;14.8;147;155;NA;NA;3;1
739;SS;10;5;2002;13:08:00; ;1142-19266;1;1;166;105;10.3;12;141;142;NA;NA;3;0
740;RT;10;5;2002;13:30:00; ;1177-04715;1;;361;1030;27;30.5;231;233;NA;NA;2;0
741;CH;10;5;2002;14:27:00; ;1705-37416;2;2;260;565;19.7;54.5;205;212;NA;NA;2;0
742;CH;10;6;2002;09:48:00; ;804-00205;2;1;234;380;12.4;21.9;192;195;NA;NA;3;0
743;RT;10;6;2002;10:43:00; ;1177-04716;1;;377;1040;28.1;30.9;225;231;NA;NA;2;0
744;RT;10;6;2002;12:03:00; ;1807-53137;1;;361;910;24.3;27.5;205;210;NA;NA;3;0
745;RT;10;6;2002;12:34:00; ;1177-04717;1;;375;1005;26;32.5;226;234;NA;NA;2;0
746;SS;10;6;2002;14:56:00; ;2003-99349;1;2;193;180;11.9;14.3;156;163;NA;NA;4;0
747;SS;10;7;2002;09:40:00; ;803-05941;1;2;196;175;12.4;15.6;153;159;NA;NA;4;0
748;SS;10;7;2002;13:25:00; ;1142-19267;1;1;159;105;9.8;11;131;137;NA;NA;4;0.25
749;SS;10;7;2002;13:25:00; ;1213-58908;1;2;192;190;11.8;14.2;155;162;NA;NA;3;1
750;RT;10;7;2002;13:29:00; ;1207-72670;1;;401;1250;28.2;35.3;230;235;NA;NA;2.5;0
751;SS;10;8;2002;14:40:00; ;2003-99350;1;2;198;185;12.6;15.2;165;169;NA;NA;3;0.25
752;RT;10;10;2002;11:36:00; ;1177-04718;1;;407;1275;27.5;33.7;238;245;NA;NA;2;0
753;SS;10;10;2002;12:46:00; ;1142-19268;1;1;162;105;9.8;12.5;132;138;NA;NA;2.5;1
754;CH;10;11;2002;11:23:00; ;2206-35435;2;2;169;640;16.7;23.6;233;230;NA;NA;2.5;1
755;SS;10;11;2002;14:50:00; ;1142-19269;1;1;168;100;10.5;10.7;135;140;NA;NA;1;0.25
756;SS;10;13;2002;09:38:00; ;1142-19270;2;1;168;105;10.7;11.6;134;136;NA;NA;3;0
757;CH;10;13;2002;10:00:00; ;804-00206;2;1;223;390;15.9;20.6;181;187;NA;NA;2.5;1
758;RT;10;13;2002;10:42:00; ;1177-04719;1;;375;1030;26.9;31.3;217;226;NA;NA;2;0
759;RT;10;13;2002;11:33:00; ;1177-04720;2;;406;1290;29.3;33.3;227;226;NA;NA;2;0
760;RT;10;14;2002;09:50:00; ;1177-04721;1;;386;1020;26.9;31.6;230;231;NA;NA;2;0
761;SS;10;14;2002;10:14:00; ;1142-19271;2;1;160;105;9.9;11.4;136;140;NA;NA;4;0
762;RT;10;14;2002;12:59:00; ;1177-04722;1;;378;1055;26.5;29.9;217;226;NA;NA;3;0
763;SS;10;14;2002;14:16:00; ;803-05942;2;2;193;185;12.3;14.8;154;158;NA;NA;3;0.33
764;RT;10;17;2002;09:46:00; ;1177-04723;1;;379;1010;25;29.3;216;230;NA;NA;2;0
765;RT;10;18;2002;10:00:00; ;1177-04724;1;;364;1015;24.9;29.5;215;219;NA;NA;2;0.5
766;RT;10;18;2002;12:50:00; ;1177-04725;2;;350;1115;29.5;30.3;199;204;NA;NA;2;0.33
767;RT;10;18;2002;13:10:00; ;1207-7267;1;;380;1320;26.7;31.6;210;216;NA;NA;3;0
768;RT;10;19;2002;10:34:00; ;1207-72672;2;;395;1180;30.3;33.4;217;222;NA;NA;3;0
769;RT;10;19;2002;11:22:00; ;1177-04726;1;;372;1145;25.9;32.2;212;225;NA;NA;3.5;0.4
770;RT;10;19;2002;13:22:00; ;1177-04727;1;;376;995;28;30.2;223;228;NA;NA;2;0
771;RT;10;20;2002;13:24:00; ;1177-04728;1;;367;1045;26.1;30.5;215;221;NA;NA;2;0.25
772;CH;10;21;2002;11:05:00; ;1204-5874;1;1;230;340;16;19.5;196;198;NA;NA;3;0
773;RT;10;21;2002;13:55:00; ;1807-53138;1;;366;935;25.7;27.1;218;222;NA;NA;3;0.33
774;RT;10;23;2002;12:56:00; ;1177-04729;1;;386;1065;26.1;31;221;229;NA;NA;2;0.25
775;RT;10;26;2002;12:45:00; ;1177-04730;1;;375;1110;27.7;31.3;215;217;NA;NA;3;0
776;SS;10;30;2002;10:30:00; ;2003-99351;1;2;199;190;12;15.2;163;173;NA;NA;4;0
777;RT;10;30;2002;12:40:00; ;1177-04731;2;;405;1255;27.9;31.8;218;225;NA;NA;3;0
778;RT;10;31;2002;10:18:00; ;1177-04732;2;;371;1015;24.9;28.4;204;208;NA;NA;2;0
779;SS;10;31;2002;12:00:00; ;2003-99352;1;2;193;190;12.2;15.2;151;156;NA;NA;3;0
780;RT;10;31;2002;12:15:00; ;1177-04733;1;;350;960;26.6;29.9;218;224;NA;NA;2;0
781;SS;10;31;2002;13:20:00; ;2003-99353;1;2;193;200;11.3;13.5;155;161;NA;NA;4;0
782;RT;11;1;2002;10:50:00; ;1177-04734;2;;368;1090;27.3;30.4;216;220;NA;NA;2;0
783;SS;11;2;2002;10:34:00; ;2003-99354;1;1;185;170;12;14.7;156;160;NA;NA;4;0
784;RT;11;2;2002;10:48:00; ;1177-04735;1;;372;1085;25.4;29.8;220;220;NA;NA;2;0
785;RT;11;2;2002;11:00:00; ;1177-04736;1;;396;1065;27.7;30;230;235;NA;NA;3;0
786;RT;11;2;2002;11:18:00; ;1177-04737;1;;365;1125;26.9;29.3;213;220;NA;NA;3.5;0
787;RT;11;3;2002;11:36:00; ;1177-04738;1;;374;1050;25.5;30.3;220;225;NA;NA;2;0
788;CH;11;4;2002;09:33:00; ;1705-24644;1;2;253;525;19.5;23.5;213;216;NA;NA;3;0
789;RT;11;6;2002;12:06:00; ;1177-04739;1;;372;980;26.4;29;215;215;NA;NA;1.5;0
790;RT;11;6;2002;14:06:00; ;1177-04740;1;;376;1180;24.4;30.7;214;218;NA;NA;2;0
791;SS;11;7;2002;10:20:00; ;1142-19272;1;1;166;115;9.9;11.6;136;140;NA;NA;2.5;1
792;RT;11;7;2002;11:58:00; ;1177-04741;1;;369;1095;26.6;28.4;215;220;NA;NA;2;0
793;RT;11;7;2002;12:28:00; ;1207-72673;2;;391;1330;26.8;30.1;217;220;NA;NA;2;0
794;SS;11;7;2002;12:59:00; ;2003-99355;1;2;193;185;12.1;14.9;158;166;NA;NA;4;0
795;RT;11;8;2002;11:45:00; ;1177-0472;2;;397;1100;22.1;28.8;219;215;NA;NA;2;0
796;RT;11;8;2002;14:29:00; ;1177-0473;1;;366;1115;27.1;21;215;219;NA;NA;2;0.75
797;RT;11;10;2002;11:35:00; ;1207-72674;2;;385;1400;30.3;33.3;211;220;NA;NA;3;0
798;RT;11;10;2002;12:35:00; ;1177-0744;1;;400;1175;27.6;32.6;234;235;NA;NA;2;0
799;SS;11;11;2002;11:48:00; ;2003-99356;1;2;198;185;11.8;15.1;161;170;NA;NA;4;0
800;RT;9;5;2003;10:38:00; ;1177-0745;2;;365;970;25.9;31.6;208;215;NA;NA;3;0
801;SS;9;14;2003;10:18:00; ;2003-99357;1;2;194;170;11.6;14;153;159;NA;NA;4;1
802;SS;9;16;2003;10:15:00; ;803-05943;1;2;195;175;12;15.6;152;159;NA;NA;3;0.25
803;SS;9;16;2003;10:57:00; ;2003-99358;1;2;200;165;11.5;14.5;163;168;NA;NA;3;0
804;RT;9;16;2003;12:55:00; ;1207-72675;1;;384;1260;28.6;32.5;226;226;NA;NA;2.5;0
805;SS;9;17;2003;09:40:00; ;1142-19273;1;1;159;110;9.9;11.1;125;126;NA;NA;3;1
806;SS;9;18;2003;10:17:00; ;1142-19274;1;1;161;100;9.3;11.5;134;138;NA;NA;2;0.25
807;SS;9;18;2003;10:17:00; ;2003-99359;1;2;191;190;12.3;14.8;162;168;NA;NA;3;1
808;CH;9;18;2003;11:55:00; ;1204-45879;1;1;216;305;16;20.4;185;191;NA;NA;2;0
809;CH;9;18;2003;13:50:00; ;1705-37417;1;2;256;510;18.8;23.3;212;217;NA;NA;2.5;0.125
810;SS;9;19;2003;10:59:00; ;1142-19275;1;1;161;90;9.5;11.3;123;132;NA;NA;3;0
811;RT;9;20;2003;12:04:00; ;1207-99560;2;;396;1195;27;23.8;228;225;NA;NA;2;0
812;RT;9;20;2003;13:35:00; ;1177-04746;1;;391;1035;27.9;33.1;221;226;NA;NA;2;0
813;SS;9;20;2003;14:12:00; ;1142-19276;1;1;160;90;8.8;11.4;131;135;NA;NA;2.5;0
814;SS;9;21;2003;09:52:00; ;2003-99360;1;1;183;160;12.7;14.6;143;146;NA;NA;4;0
815;SS;9;22;2003;14:21:00; ;1142-19277;1;1;156;85;9.7;11;129;313;NA;NA;3;0
816;RT;9;23;2003;10:44:00; ;1207-72676;1;;393;1155;28.3;30.9;223;230;NA;NA;2;0
817;RT;9;23;2003;11:16:00; ;1207-72677;1;;397;1260;27.8;32.9;232;231;NA;NA;3;0
818;SS;9;23;2003;13:13:00; ;1142-19278;1;1;159;95;8.9;10.4;125;130;NA;NA;3;0.25
819;CH;9;23;2003;14:00:00; ;1705-37418;1;2;255;440;18.6;22.8;214;220;NA;NA;2;0
820;SS;9;24;2003;09:35:00; ;2003-99362;1;1;197;175;10;14.9;150;162;NA;NA;3;0
821;CH;9;24;2003;09:53:00; ;1204-45880;1;1;218;295;16.1;19.4;183;187;NA;NA;2.5;0
822;SS;9;25;2003;09:49:00; ;2003-99363;1;2;196;160;12.6;14.5;158;166;NA;NA;4;0
823;RT;9;25;2003;13:08:00; ;1177-04747;1;;384;1010;26.8;31.1;230;235;NA;NA;2;0.5
824;RT;9;25;2003;13:30:00; ;1177-04748;1;;385;990;26;29.6;225;229;NA;NA;3;0
825;SS;9;26;2003;10:19:00; ;2003-99364;1;1;181;150;11.4;14.3;141;150;NA;NA;3;0
826;CH;9;26;2003;11:27:00; ;1204-45881;1;1;225;300;16;20.1;183;192;NA;NA;2;0
827;RT;9;17;2003;09:18:00; ;1177-04749;1;;379;945;24.5;31.3;224;231;NA;NA;2.5;0
828;SS;9;27;2003;10:10:00; ;2003-99365;1;2;201;188;11.7;14.9;162;168;NA;NA;4;0
829;SS;9;28;2003;09:36:00; ;1142-19279;1;1;161;95;10.6;11.5;131;138;NA;NA;1;0
830;CH;9;28;2003;10:11:00; ;1705-37419;2;1;230;330;15.7;19.4;188;196;NA;NA;1;0
831;SS;9;28;2003;12:12:00; ;1142-19280;1;1;159;95;9.9;11.2;132;134;NA;NA;1;0
832;RT;9;29;2003;11:20:00; ;1177-04750;1;;367;970;26.4;30.5;215;215;NA;NA;3;0
833;RT;9;29;2003;12:02:00; ;1207-72678;1;;396;1240;28.9;32.8;237;245;NA;NA;3;0
834;SS;9;29;2003;12:58:00; ;1142-19281;1;1;157;105;10;11.5;133;137;NA;NA;3;1
835;SS;9;29;2003;13:51:00; ;2003-99366;1;2;191;165;11.5;14.9;156;159;NA;NA;4;0
836;SS;9;29;2003;14:47:00; ;2003-99367;1;2;191;170;12.1;15.1;163;163;NA;NA;4;0
837;SS;9;29;2003;15:15:00; ;1142-19282;1;1;168;100;10.2;11.9;134;137;NA;NA;3;0
838;RT;9;29;2003;15:55:00; ;1207-72679;1;;428;1290;28.4;33.9;253;256;NA;NA;2;0
839;CH;9;30;2003;12:05:00; ;1705-37420;2;2;252;470;19.5;28.4;211;213;NA;NA;3;0
840;SS;9;30;2003;12:53:00; ;2003-99368;2;2;192;175;11.7;14.2;160;167;NA;NA;3;1
841;SS;9;30;2003;13:22:00; ;2003-99369;2;2;195;195;13.6;14;158;163;NA;NA;4;1
842;CH;10;1;2003;10:07:00; ;1204-45882;2;1;233;335;16.3;21.3;187;194;NA;NA;3;0
843;RT;10;1;2003;11:53:00; ;1177-04751;2;;364;1150;26.1;28.2;196;202;NA;NA;2;0
844;RT;10;1;2003;13:40:00; ;1177-04752;1;;370;960;25.4;30.4;217;224;NA;NA;2;0
845;RT;10;1;2003;14:30:00; ;1207-72680;1;;400;1130;28.3;29.4;227;230;NA;NA;2;0
846;RT;10;3;2003;09:18:00; ;1177-04753;1;;375;925;25.4;28.6;220;226;NA;NA;1;0
847;RT;10;3;2003;14:43:00; ;1207-72681;1;;398;1205;27.6;33.4;227;235;NA;NA;2;0
848;RT;10;4;2003;11:04:00; ;1177-04754;1;;385;1040;27.2;31.5;238;245;NA;NA;2;0
849;SS;10;4;2003;11:58:00; ;1142-19283;1;1;156;100;9.9;11.2;122;130;NA;NA;4;0.25
850;CH;10;4;2003;12:46:00; ;1204-45883;1;1;230;335;16.3;19.7;201;210;NA;NA;2.5;0.5
851;CH;10;5;2003;10:58:00; ;1204-45884;1;1;220;335;16.2;20;185;190;NA;NA;2;0
852;SS;10;6;2003;14:12:00; ;1142-19284;1;1;163;105;10.3;11.7;137;140;NA;NA;3;0
853;RT;10;7;2003;10:46:00; ;1807-53139;1;;376;860;25.6;30;220;227;NA;NA;2;0
854;RT;10;7;2003;11:17:00; ;1177-04755;1;;360;935;25.8;30;212;221;NA;NA;3;0
855;RT;10;7;2003;11:42:00; ;1177-04756;2;;372;1010;24.3;29;197;203;NA;NA;1;0
856;RT;10;7;2003;11:58:00; ;1207-72682;1;;400;1285;29.7;33.5;230;237;NA;NA;2;0
857;SS;10;7;2003;12:10:00; ;2003-99370;2;2;194;210;13;14.5;147;150;NA;NA;4;1
858;RT;10;7;2003;12:49:00; ;1807-53140;1;;370;830;23.6;27.8;233;231;NA;NA;2;0
859;SS;10;8;2003;10:31:00; ;1142-19285;1;1;160;95;10.2;11.2;135;142;NA;NA;3;0
860;RT;10;8;2003;11:08:00; ;1207-72683;1;;403;1350;28;32.8;140;245;NA;NA;2;0
861;RT;10;8;2003;12:28:00; ;1177-04757;1;;375;1010;25;30.8;218;222;NA;NA;2;1
862;RT;10;8;2003;14:48:00; ;1177-04758;1;;373;960;27.7;32.5;222;225;NA;NA;2;0
863;RT;10;10;2003;11:43:00; ;1177-04759;1;;385;1370;26.4;29.2;233;235;NA;NA;3;0
864;SS;10;12;2003;10:10:00; ;2003-99371;1;2;143;170;12.8;13.9;159;NA;NA;NA;3;0.5
865;SS;10;12;2003;11:30:00; ;1142-19286;1;1;162;100;8.7;11.4;136;143;NA;NA;4;0
866;RT;10;12;2003;12:10:00; ;1207-72684;1;;392;1250;28.6;32.9;222;229;NA;NA;2;0.25
867;RT;10;12;2003;13:15:00; ;1807-53141;1;;372;915;24.7;28.2;203;NA;NA;NA;3;0.5
868;RT;10;13;2003;12:00:00; ;1177-04760;1;;375;850;25;28;218;226;NA;NA;2;0
869;RT;10;13;2003; ; ;1207-72685;1;;415;1285;29.4;34;242;242;NA;NA;2;0.25
870;SS;10;14;2003;10:53:00; ;1142-19287;2;1;161;95;9.8;11.7;129;136;NA;NA;4;0
871;RT;10;14;2003;12:24:00; ;1177-04761;2;;380;1005;27;31.6;205;214;NA;NA;2;0
872;RT;10;18;2003;12:45:00; ;788-36611;2;;411;1220;28.1;32.7;236;245;NA;NA;2;0
873;SS;10;21;2003;09:08:00; ;1142-19288;2;1;161;95;9.6;12.4;121;128;NA;NA;2.5;0
874;SS;10;21;2003;10:19:00; ;1142-19289;1;1;165;100;9.8;12;134;140;NA;NA;3;0
875;RT;10;21;2003;11:35:00; ;1207-72686;1;;393;1265;28.3;32.7;233;236;NA;NA;2;0
876;RT;10;21;2003;13:02:00; ;1177-04762;1;;370;1020;24.6;30;211;215;NA;NA;2;0
877;CH;10;22;2003;12:19:00; ;1204-45885;2;1;230;360;16;22.1;186;190;NA;NA;3;0
878;RT;10;25;2003;11:07:00; ;1177-04763;1;;365;895;24.5;28.9;217;221;NA;NA;1;0
879;RT;10;25;2003;11:53:00; ;1177-04764;1;;371;1160;25.7;28.4;218;224;NA;NA;3;0
880;RT;10;25;2003;12:47:00; ;1207-72687;1;;400;1585;29;33.8;241;248;NA;NA;4;0.25
881;RT;10;25;2003;12:55:00; ;1177-04765;2;;382;1140;24.9;31.6;218;222;NA;NA;2;0
882;RT;10;25;2003;13:27:00; ;1807-53142;2;;371;1115;25.3;29.2;208;214;NA;NA;3;0.25
883;RT;10;25;2003;13:40:00; ;1177-04766;2;;370;1145;25.4;30.2;212;215;NA;NA;2;0
884;SS;10;26;2003;11:35:00; ;2003-99372;2;2;194;185;12.8;14.8;152;161;NA;NA;2;0.25
885;RT;10;26;2003;12:15:00; ;1177-04767;2;;347;990;25.3;29.8;203;206;NA;NA;1;0
886;RT;10;30;2003;10:40:00; ;1177-04768;1;;363;945;24.5;NA;218;229;NA;NA;2;0
887;SS;10;30;2003;13:13:00; ;1213-58909;1;2;195;165;11.7;14.5;153;163;NA;NA;3;0
888;RT;10;30;2003;13:35:00; ;1177-04769;2;;392;1030;26.3;28.1;196;201;NA;NA;2;0.5
889;CH;10;31;2003;11:20:00; ;1204-45886;1;1;220;320;15.5;19.5;184;187;NA;NA;2;0.25
890;SS;11;6;2003;10:06:00; ;2003-99373;1;2;193;105;13;15.6;156;163;NA;NA;4;0
891;RT;11;6;2003;13:02:00; ;1177-04770;1;;365;990;26.4;30;217;226;NA;NA;2;0
892;RT;11;7;2003;12:30:00; ;1177-04771;2;;387;1065;28;32.7;212;218;NA;NA;2;0.25
893;RT;11;7;2003;13:45:00; ;1177-04772;1;;400;1050;26.1;29.7;237;246;NA;NA;3;0.25
894;RT;11;8;2003;13:01:00; ;1801-53143;1;;362;840;23.2;26.1;206;216;NA;NA;2;0
895;SS;11;9;2003;12:00:00; ;803-05944;1;2;198;190;12.2;15.8;158;165;NA;NA;3;0
896;SS;11;9;2003;13:31:00; ;2003-99374;1;2;190;200;12.7;15;157;164;NA;NA;3;0.25
897;SS;11;11;2003;10:15:00; ;2003-99375;1;2;197;185;12.8;15.6;157;166;NA;NA;4;0
898;RT;11;13;2003;14:00:00; ;1177-04773;2;;370;1000;26.9;31.4;201;206;NA;NA;2;0
899;SS;11;14;2003;13:35:00; ;1213-58910;1;2;200;185;12.8;15.2;158;166;NA;NA;4;1
900;RT;11;17;2003;10:19:00; ;1177-04774;2;;360;1325;26.2;30.6;224;230;NA;NA;4;0.75
901;RT;11;18;2003;13:29:00; ;1177-04775;2;;366;945;25.3;27.2;199;205;NA;NA;2;0
902;RT;11;18;2003;13:45:00; ;1177-04776;2;;402;1350;28.7;31;219;214;NA;NA;3;0
903;RT;11;18;2003;14:07:00; ;1207-53144;1;;366;805;23.5;25.7;217;222;NA;NA;1.5;0.25
904;RT;11;18;2003;14:44:00; ;1177-04777;1;;380;1525;26;27.6;224;227;NA;NA;3;0
905;SS;11;19;2003;10:18:00; ;803-05985;1;2;190;175;12.7;15.4;150;153;NA;NA;4;0
906;RT;11;19;2003;12:02:00; ;1807-53145;1;;360;790;21.9;27.6;211;215;NA;NA;2;0
907;RT;11;20;2003;09:56:00; ;1177-04778;1;;369;860;25.2;28;207;210;NA;NA;2;0
908;RT;11;20;2003;13:30:00; ;1207-53145;2;;199;1290;28.7;32.1;222;226;NA;NA;1;0
